"","PC1","PC2","PC3","PC4","PC5","PC6","PC7","PC8","PC9","PC10","PC11","PC12","PC13","PC14","PC15","PC16","PC17","PC18","PC19","PC20","PC21","PC22","PC23","PC24","PC25","PC26","PC27","PC28","PC29","PC30","PC31","PC32","PC33","PC34","PC35","PC36","PC37","PC38","PC39","PC40","PC41","PC42","PC43","PC44","PC45","PC46","PC47","PC48","PC49","PC50"
"Bin.9.98",-0.084503,-0.19939,-0.10043,0.21955,0.027223,0.1206,-0.31124,0.059752,0.021831,-0.11143,-0.071986,-0.28265,0.029343,-0.00058449,0.12359,0.066204,0.19456,-0.060776,-0.21043,-0.12386,0.18031,0.084726,0.13978,0.19496,-0.016246,0.086737,-0.0033365,0.094028,-0.0014444,0.042082,0.037437,0.0067842,-0.050721,0.14452,0.12997,-0.12193,0.26237,0.044925,0.078081,-0.0025557,-0.1149,0.06489,-0.021533,0.10177,-0.028939,0.18218,-0.053653,0.037254,-0.027277,0.20339
"Bin.9.94",-0.039688,-0.17123,-0.25801,0.13722,-0.031847,0.016391,-0.24502,0.046285,-0.0054666,-0.3463,-0.056843,-0.066451,-0.12327,0.18427,-0.0022474,0.067184,0.13334,-0.01023,0.3405,0.063852,0.051852,0.11405,-0.058588,0.20287,-0.13989,-0.13851,0.1138,0.096774,-0.0042857,-0.1625,0.11418,0.10125,-0.024595,0.083547,-0.018895,0.070309,-0.11474,-0.022938,-0.054245,-0.036518,0.095812,-0.0058856,0.083089,-0.067034,0.17866,-0.14537,0.068002,-0.031179,-0.0068838,-0.16195
"Bin.9.90",-0.11488,-0.17118,-0.18053,0.075767,-0.011902,0.23108,-0.222,0.030153,0.20915,0.017081,-0.10439,0.15592,-0.076717,-0.17378,-0.099412,-0.16079,-0.051034,-0.21733,0.017214,0.14929,0.064401,0.035162,-0.013238,-0.18732,-0.10203,0.06648,0.20545,-0.39009,-0.0092632,0.01156,-0.2123,0.08445,0.021529,0.00021199,-0.046683,0.030195,-0.06111,-0.1079,-0.067275,0.17789,0.020619,-0.070734,-0.12018,0.044763,-0.085177,0.0095574,0.035653,-0.094267,0.089444,-0.053249
"Bin.9.86",-0.090681,-0.10931,-0.18806,0.25697,0.16518,-0.13988,-0.086594,0.16868,-0.15562,0.045379,-0.19727,0.25965,0.04617,0.14913,0.13473,0.14462,-0.24111,0.041572,-0.038478,-0.0097267,0.044127,-0.089328,0.14334,-0.083269,0.15704,-0.11103,-0.12666,0.017833,-0.076442,-0.17074,0.042269,0.05867,0.030425,-0.14687,0.064565,-0.02429,-0.057015,-0.032723,0.13845,-0.13001,-0.074804,-0.10186,0.05718,0.013933,-0.09249,-0.052447,-0.064252,-0.010179,0.046193,0.12921
"Bin.9.82",-0.10348,-0.16252,-0.078001,0.28785,-0.027085,-0.2135,-0.021243,0.1954,-0.17913,0.092188,-0.14445,0.19804,0.14282,-0.018144,-0.10214,-0.028148,-0.098131,0.13656,-0.2038,-0.17475,-0.031523,0.086379,-0.25621,-0.15757,0.015358,0.002692,0.0075372,-0.057252,-0.13553,0.14312,-0.010469,-0.11726,-0.075233,0.075852,-0.021011,-0.037328,-0.0072473,0.010376,0.030543,0.11617,0.061693,0.034405,-0.10648,-0.066219,0.090676,-0.074842,0.036594,0.038452,-0.050677,-0.020735
"Bin.9.78",-0.08831,-0.11442,-0.066664,0.14571,-0.10754,0.2836,0.29392,0.054968,0.051263,0.042229,-0.08538,0.1331,0.2313,0.17265,-0.38433,0.16729,0.18783,-0.17869,-0.054277,-0.1323,-0.16491,-0.25007,-0.0923,0.16387,-0.08234,-0.04581,0.13222,0.15469,0.054879,0.10239,-0.085039,-0.022027,0.031127,-0.10328,0.014179,0.079439,0.04528,-0.086671,0.053352,-0.076094,-0.052726,-0.058576,-0.018267,-0.0066425,0.013707,0.046746,-0.0089782,0.1042,0.013477,-0.0044548
"Bin.9.74",-0.11385,-0.13407,-0.05835,0.069385,0.044103,0.022134,0.023167,0.052172,-0.092816,0.25164,0.075997,-0.23366,0.041631,-0.052625,-0.057157,-0.38162,-0.064499,0.041975,-0.10083,-0.14453,-0.038098,0.087309,-0.068894,0.067452,-0.037263,0.042803,-0.063614,-0.0011832,-0.02353,0.018122,0.20462,0.081703,-0.045152,-0.13731,0.084962,0.18013,-0.0030214,-0.0027302,-0.13429,-0.029354,-0.16027,-0.033617,0.060697,0.065357,-0.06939,-0.069836,0.033794,0.062024,-0.12454,-0.096665
"Bin.9.70",-0.040923,-0.11766,-0.2606,-0.077769,0.046677,0.25498,0.022286,0.20726,0.18345,-0.13119,-0.014696,-0.17976,0.08031,-0.023605,0.077443,0.12737,-0.15017,0.14706,0.217,-0.10178,-0.10447,-0.17544,0.082681,-0.099032,0.35392,0.17741,-0.10836,0.019464,0.12128,0.24899,-0.029289,-0.14041,-0.049255,0.040878,-0.1944,0.0045139,-0.025716,0.023734,-0.086211,0.030995,-0.11407,0.11105,0.048913,0.078951,-0.060165,-0.048478,-0.0081397,-0.025637,-0.019757,-0.057499
"Bin.9.66",-0.13309,-0.11467,-0.14819,0.11721,0.08619,-0.24095,0.044543,-0.12946,-0.06346,-0.070015,0.16701,-0.24553,0.1769,-0.035775,-0.11897,-0.2281,0.057805,0.037902,0.0064626,-0.044792,-0.086058,-0.15124,0.028418,-0.030905,0.095808,0.083809,-0.014887,-0.13272,0.062139,-0.24478,-0.09699,0.2011,-0.11641,-0.034122,-0.21226,0.090907,-0.0059817,-0.016903,0.020685,-0.12565,0.14903,0.15434,-0.11946,0.027809,0.054162,0.08816,-0.021506,0.081057,0.10743,-0.096309
"Bin.9.62",-0.14054,-0.13064,-0.16659,0.040824,0.020565,0.045512,-0.013986,0.075102,-0.017971,0.23655,0.14087,-0.028686,0.058793,-0.14772,0.22949,0.094755,-0.029892,-0.092219,0.17421,0.23281,-0.078566,-0.062039,-0.089756,-0.20255,-0.22108,-0.17436,-0.054895,0.15138,-0.10035,0.03116,0.018611,-0.028354,0.15967,0.0033271,-0.084916,0.063432,0.11026,0.04088,-0.038204,0.012762,-0.027233,-0.10715,0.062028,-0.037031,0.067559,-0.017469,0.081359,0.077765,-0.053956,-0.014473
"Bin.9.58",-0.12128,-0.14071,-0.16153,0.053242,0.11068,-0.14765,0.19114,0.071241,-0.097304,0.33479,-0.063052,-0.15736,-0.12494,-0.16635,-0.019212,0.098674,0.052376,-0.12808,0.12884,-0.034822,-0.028458,0.065377,0.22233,-0.047589,-0.078381,-0.036071,0.11186,0.041054,0.22876,-0.086239,-0.084641,-0.044164,-0.082684,-0.13847,0.11494,-0.14859,-0.0070301,0.14119,-0.001108,0.16089,0.062139,0.03052,0.10403,0.0078451,0.064021,0.084754,-0.049521,-0.14045,0.087944,0.032899
"Bin.9.54",-0.12098,-0.10047,-0.15558,0.054832,-0.01157,0.18212,0.22571,-0.1501,0.20018,0.1756,0.17653,0.23235,0.13924,-0.069004,-0.063366,0.12154,0.036422,0.30445,0.009074,0.23493,0.16205,0.32958,-0.095051,0.23228,0.14456,0.049703,-0.033602,-0.074077,0.099585,-0.16611,0.23121,-0.026117,0.012161,0.0124,0.010739,-0.024686,-0.070472,0.027615,0.13209,0.0068369,0.038881,0.059309,-0.076976,0.11228,0.011432,0.016169,-6.1572e-05,-0.022609,-0.068092,0.025892
"Bin.9.50",-0.14165,0.0041674,-0.1667,0.10215,0.07237,0.056496,0.027386,-0.32219,-0.01577,0.023988,0.21434,-0.045627,-0.1802,0.10227,0.028633,-0.18495,-0.093071,-0.045042,-0.23441,-0.087716,0.08324,-0.13829,0.12416,0.13992,0.070934,0.015723,0.088821,0.11472,0.043572,0.045981,0.016423,-0.18962,0.17278,-0.04042,0.14968,0.069663,-0.1227,-0.039187,0.0014754,0.07727,0.077061,-0.065887,0.079166,-0.13787,-0.067859,-0.088106,0.022876,0.052625,-0.040298,-0.077586
"Bin.9.46",-0.10956,0.010363,0.0053289,0.047226,0.072883,0.22217,0.021197,0.027768,0.30121,-0.14222,-0.20934,0.032954,-0.10941,0.073036,0.039316,-0.18845,-0.12695,0.19341,-0.2248,-0.024731,-0.2044,0.12368,-0.093543,0.0445,-0.0629,-0.11936,-0.22378,-0.05524,-0.065211,-0.16279,-0.086509,-0.024335,-0.12244,-0.02728,0.072259,-0.1855,0.023884,0.1275,-0.13467,-0.12755,0.07879,-0.057107,-0.01074,-0.2042,0.081075,0.083143,0.015189,0.037531,-0.0055526,-0.10982
"Bin.9.42",-0.14608,0.0086115,-0.1869,0.062511,0.1023,-0.057407,0.10589,-0.21269,0.055086,-0.15609,0.19536,0.076925,-0.1614,0.0039945,0.12588,0.039352,-0.065666,-0.14709,-0.22839,0.10276,-0.049353,-0.086189,-0.14443,-0.046213,0.026268,0.10657,0.010913,0.11082,-0.17603,0.055088,-0.16854,-0.049,0.036146,0.040029,-0.088995,-0.0052154,0.076223,0.0065263,-0.13394,-0.026021,-0.011074,0.032268,0.11555,-0.05358,0.049529,0.10864,-0.0078867,-0.080189,0.061881,0.21465
"Bin.9.38",-0.14635,0.012352,0.0067032,-0.024043,0.10148,-0.0031763,0.11801,-0.00089697,-0.016869,-0.019461,-0.072172,0.024377,-0.096747,0.052731,0.022867,0.015915,0.033112,-0.063272,-0.0016098,0.051802,0.05569,0.029642,0.041016,0.009793,0.023425,0.11496,0.073685,0.047361,-0.17396,0.0043661,-0.014066,0.041534,-0.002143,-0.058491,-0.056124,-0.028078,0.089456,0.023569,0.087714,0.012189,-0.02048,-0.091315,0.03498,0.030214,0.053526,-0.015897,0.039163,0.062051,-0.11619,-0.41359
"Bin.9.34",-0.13913,-0.10424,-0.16746,-0.15278,-0.0022661,-0.050317,0.259,0.073962,-0.061097,-0.22405,0.1809,-0.060996,-0.12743,-0.11033,-0.065851,-0.070772,-0.027091,-0.14856,0.00333,0.028895,0.10229,0.15226,-0.073121,-0.045713,0.1325,-0.062041,-0.13693,-0.028425,-0.12843,0.14408,0.11099,0.11589,0.19245,0.055237,0.0913,-0.098988,0.091301,-0.02046,0.083549,-0.086549,-0.16102,-0.10144,-0.072643,0.015593,0.077158,-0.0352,0.026931,-0.063741,0.012804,0.089853
"Bin.9.30",-0.12879,0.0039491,0.046979,0.010534,0.14105,-0.22523,0.13563,0.022646,0.077571,-0.17273,-0.092712,0.075499,-0.077186,-0.072386,-0.039123,0.0076057,0.082149,-0.09613,0.022296,0.00889,-0.07488,0.10758,0.0056051,0.081628,-0.055056,0.091941,0.061214,-0.010054,-0.027258,0.021515,-0.019616,-0.11867,-0.09238,0.020427,-0.058104,-0.09215,0.037117,0.05072,-0.03274,0.070456,0.024656,-0.00061181,0.1218,-0.013031,-0.099947,-0.094437,0.018325,-0.057983,-0.12816,-0.11139
"Bin.9.26",-0.026363,-0.011883,-0.07345,0.029696,0.10719,-0.33532,0.082186,0.049864,0.065739,-0.18261,-0.0099723,0.025886,-0.014576,-0.028523,-0.13229,-0.008383,0.11812,0.073825,0.04917,0.093448,-0.23824,0.051888,0.022443,0.0079549,-0.047105,0.072652,-0.010632,0.0050184,0.15211,-0.05026,0.058838,-0.21732,-0.067174,0.046724,-0.058706,0.006238,0.10929,-0.06973,0.044431,-0.022484,0.071532,-0.057956,0.043866,0.0095601,-0.13913,-0.09683,0.038006,0.043179,-0.067742,0.15966
"Bin.9.22",-0.11257,0.0397,-0.032058,-0.027792,0.088036,-0.029394,-0.031848,-0.22821,0.15076,-0.051294,-0.18997,-0.029112,0.050432,0.22093,-0.18537,-0.22768,-0.24762,0.18557,0.26088,0.0094815,0.083545,-0.26334,-0.092508,-0.1699,-0.10777,-0.081773,0.0021751,0.17115,0.043309,-0.076009,0.012978,-0.056224,0.13693,0.028212,0.11333,-0.040728,0.1087,0.090393,0.068284,0.17219,-0.010895,0.097131,-0.015593,0.13154,0.011872,-0.075455,-0.05357,-0.012166,-0.047554,0.16775
"Bin.9.18",-0.1394,-0.081848,-0.072443,-0.17854,0.0071229,0.062187,0.065268,-0.20924,-0.034599,-0.033503,0.14679,-0.18065,-0.0019268,0.09715,-0.030594,0.36515,0.012845,0.16864,-0.10643,-0.17613,-0.013105,-0.01973,0.026687,-0.18567,-0.17708,-0.048386,-0.063428,-0.22914,-0.086693,-0.10422,-0.052614,0.076192,-0.046251,0.093592,-0.038784,-0.058695,0.016958,-0.23068,0.029031,0.056267,0.11021,0.036221,0.0065164,-0.013788,-0.06127,-0.07091,-0.096312,-0.048618,-0.071264,0.012043
"Bin.9.14",-0.052304,-0.030299,0.05354,-0.012954,0.035346,-0.020179,-0.068588,0.052178,0.11825,0.12983,-0.017551,0.025419,-0.23164,-0.077908,-0.12608,0.065362,0.070386,0.032778,-0.03244,-0.043278,0.0088297,-0.084806,-0.0068053,0.016987,0.10017,-0.093124,-0.0011991,0.13074,0.031152,-0.098359,-0.036375,0.041586,-0.04669,0.14995,-0.019652,0.049734,-0.029849,-0.074675,0.027796,-0.055001,-0.070956,0.01108,-0.045541,-0.026112,-0.088215,0.0039575,0.041787,0.011258,-0.049404,0.062397
"Bin.9.10",-0.14807,0.014749,0.091167,-0.0020498,0.075236,0.0072976,-0.0023902,0.0041059,0.022385,0.028799,-0.013519,0.024409,-0.03473,0.02758,0.018332,0.039632,0.059648,0.076211,0.012004,-0.0062502,-0.026816,0.063286,0.019062,-0.067997,0.032253,0.09652,0.050953,0.12662,0.0039978,-0.021367,0.03201,0.016103,-0.041539,-0.0084523,0.036136,0.031488,0.087971,-0.061901,0.0078675,0.076481,0.051963,-0.070671,0.014172,0.038809,-0.034156,-0.007978,0.16203,0.057361,0.13106,-0.030223
"Bin.9.06",-0.14085,0.02043,0.10259,-0.046597,0.082769,0.025571,-0.024526,-0.037412,0.085744,-0.0063837,-0.03672,-0.0013377,-0.033544,0.016686,0.010369,0.017276,0.023989,0.039718,-0.023502,-0.14321,-0.044614,0.013235,0.091614,-0.14571,-0.067453,0.10523,0.21553,0.036016,-0.029057,-0.099393,0.079046,-0.048201,-0.031587,-0.01828,-0.054136,-0.11114,-0.06272,0.048423,-0.00033792,-0.06801,-0.22253,-0.041637,-0.035637,0.06894,0.12678,0.027661,-0.010694,-0.0074869,0.018363,-0.14967
"Bin.9.02",-0.14277,0.034979,0.056606,-0.037227,0.076392,0.0083951,-0.016765,0.030951,0.019624,0.018546,-0.034514,0.071775,0.012485,-0.015454,-0.018441,-0.068215,0.040349,0.097935,0.019786,0.049713,0.12676,-0.043542,0.04741,-0.053484,0.00019213,0.052921,0.012727,0.098406,0.033256,0.068901,0.14458,0.095517,0.099786,0.062825,-0.032684,0.053713,-0.027231,-0.084851,0.0066066,0.064729,0.10471,-8.0255e-05,0.070736,-0.0045199,-0.059186,0.055577,0.14517,-0.017412,0.081783,-0.03133
"Bin.8.98",-0.045108,0.02715,-0.013151,-0.03354,0.00021066,-0.054062,0.055162,0.030018,0.12125,-0.0075835,-0.017175,-0.042976,0.071775,0.024389,0.041301,-0.078149,-0.050578,-0.0030536,0.004065,-0.02752,-0.0034373,0.049418,0.093068,-0.03521,-0.10485,0.018696,0.16194,-0.0071683,-0.013003,0.078005,0.12859,-0.12548,-0.021845,0.1213,0.040428,-0.010626,0.044993,-0.088395,-0.022491,-0.096744,0.024721,-0.036051,-0.036196,0.11933,0.040301,-0.064483,0.12375,0.012668,-0.08388,0.027702
"Bin.8.94",-0.14539,0.045087,0.039305,-0.065559,0.058708,0.025913,0.034281,0.0025752,-0.0013371,-0.0044372,-0.049498,0.014652,0.038367,0.029073,-0.0085934,-0.0047959,-0.029576,0.030258,0.0061623,0.10085,0.055818,0.0076935,0.1091,-0.058188,0.017062,-0.0475,0.010812,0.028493,-0.022733,0.073934,0.099772,-0.13076,0.0025945,0.080568,0.14012,0.074143,0.064553,-0.05247,-0.035484,0.13308,0.045344,-0.054662,-0.071917,0.0081881,0.14377,-0.0236,-0.069817,-0.046903,0.1087,0.0032871
"Bin.8.90",-0.066334,0.029809,0.0068382,-0.025536,0.035306,-0.044465,0.039295,0.024939,0.099939,-0.028251,-0.02975,-0.036061,0.068729,0.032181,0.047583,-0.060168,-0.046122,0.015675,0.027323,0.020134,-0.021624,0.025436,0.10292,-0.005119,-0.088701,0.023885,0.12184,0.0014828,0.011774,0.1044,0.075874,-0.073574,0.0052918,0.0734,0.038535,0.0093197,-0.0076856,-0.1155,-0.0089001,-0.15974,-0.053849,-0.0016549,-0.018109,0.0099323,0.050932,0.026186,0.035631,0.099633,0.10855,0.10899
"Bin.8.86",-0.05419,0.0024205,0.031654,-0.029176,0.038991,-0.030049,-0.060673,0.040996,0.13258,0.14335,-0.031187,0.043219,-0.20356,-0.07058,-0.11373,0.067521,0.028546,0.010009,-0.050448,-0.030974,0.025786,-0.070705,-0.0082944,0.033547,0.085782,-0.059194,0.023288,0.13589,0.00027677,-0.084697,-0.042339,0.031473,-0.015423,0.12014,0.022796,0.055453,-0.037037,-0.030534,-0.032422,-0.083021,-0.10138,0.074289,-0.025243,0.070656,-0.02708,-0.061444,0.0022065,-0.044379,-0.048123,0.02011
"Bin.8.82",-0.057482,-0.011388,0.049209,-0.0097293,0.048363,-0.038136,-0.0679,0.050503,0.090418,0.13333,-0.015912,0.017898,-0.21548,-0.03165,-0.11133,0.078869,0.077302,0.041188,-0.038982,0.0027618,-0.014507,-0.028991,-0.023393,0.010702,0.079059,-0.04344,-0.0013517,0.13729,0.035828,-0.091011,-0.058454,0.043058,-0.014953,0.092011,0.024371,0.066113,0.030126,-0.076359,-0.074604,-0.037137,-0.0049416,0.039058,-0.056999,0.077025,-0.085703,-0.039842,0.033946,-0.030137,-0.015326,-0.12083
"Bin.8.78",-0.043274,0.04857,-0.078212,-0.073303,0.0097831,-0.056793,-0.094025,0.011312,0.045073,0.018717,0.030078,0.022899,-0.040396,0.0033345,-0.046938,0.085234,0.14878,0.08707,-0.14366,-0.14765,-0.056092,0.019513,0.058507,-0.1104,-0.0022999,0.13981,0.099981,0.087494,-0.026463,-0.043621,0.10086,0.023355,0.16449,0.051036,-0.12651,0.014635,-0.12522,0.13824,-0.076823,0.1638,-0.048947,-0.043275,-0.15087,0.049109,0.012926,-0.034654,-0.089563,0.11417,0.13719,-0.02536
"Bin.8.74",-0.061418,0.043015,-0.15382,-0.30038,0.058838,0.088979,-0.01146,0.078332,-0.22336,-0.015277,0.05714,0.10644,-0.16335,0.12898,0.05086,0.072903,0.011183,0.062168,-0.048897,-0.18435,-0.14654,0.10922,-0.010548,-0.10385,-0.13529,0.045031,0.076864,-0.030821,0.040437,-0.12277,-0.003882,-0.069542,-0.083207,-0.10064,0.031323,0.024209,0.0093873,-0.0028292,0.021829,-0.10594,-0.11716,0.00033686,-0.072405,0.057245,0.092807,0.007299,-0.0082008,0.020896,-0.086592,0.10734
"Bin.8.70",-0.053284,0.027499,-0.17285,-0.25066,0.038295,0.094498,0.026505,0.11273,-0.19941,0.0039519,0.044042,0.13881,-0.15531,0.030625,0.11239,0.004303,-0.11088,-0.059313,0.056072,-0.057271,0.0070198,0.028704,-0.11342,0.079578,0.12277,-0.1026,-0.029105,0.10183,0.04753,0.0071927,-0.055327,-0.021236,-0.16767,0.04741,0.094678,0.18607,0.036043,0.035166,-0.047237,0.077732,0.15469,0.21707,-0.0076542,-0.01918,-0.016382,0.095405,-0.025291,0.10153,0.032764,-0.19226
"Bin.8.66",-0.048524,0.044606,-0.088217,-0.09095,0.003369,-0.035024,-0.057492,0.029779,0.0024409,0.021746,0.02043,0.047488,0.048681,0.027305,0.029631,-0.048824,0.050444,0.045178,-0.037775,-0.050828,-0.062196,-0.01874,-0.0025025,0.018659,-0.029856,-0.010982,0.047558,0.029858,0.0085835,0.059228,-0.024852,0.020324,-0.024523,0.039052,-0.003162,0.013857,0.018807,0.017931,-0.015772,0.087276,0.066794,-0.017678,0.0085278,-0.033316,0.052208,-0.032516,-0.030503,0.057541,0.013625,-0.079466
"Bin.8.62",-0.045238,0.037856,-0.11613,-0.22437,0.02133,0.057307,-0.062054,0.16041,-0.13374,-0.080772,0.040176,0.15093,-0.015191,-0.042812,-0.029602,-0.20831,0.037046,0.0081905,0.073837,-0.082958,-0.03237,-0.023908,-0.13312,0.1016,0.011427,0.078678,0.19164,-0.042328,0.16321,-0.020398,-0.027626,0.084544,0.057932,-0.014764,0.028013,-0.051526,0.038308,-0.039268,0.13613,-0.013042,-0.0087985,-0.035666,0.012376,0.0071113,-0.024249,0.075056,-0.023911,0.0060714,0.038958,0.22182
"Bin.8.58",-0.051097,0.043432,-0.062792,-0.10635,0.0092846,-0.019948,-0.051237,0.077239,-0.0066196,0.0050561,0.0098759,-0.00040932,0.050203,0.022811,-0.040516,-0.067144,0.036546,0.070944,-0.043929,0.059623,0.0019978,-0.0090857,0.057203,-0.011123,-0.041014,-0.03509,0.04986,-0.043351,-0.00013027,0.044869,0.011927,0.034697,0.046293,0.024443,-0.015909,-0.017788,0.056097,0.0068287,0.023856,-0.060412,0.049431,0.0025425,0.043737,0.013857,-0.0068208,-0.028724,-0.071278,0.0065451,-0.030521,0.014026
"Bin.8.54",-0.028134,-0.016972,0.041694,-0.0081409,0.043759,-0.020837,-0.093179,0.13669,0.019998,0.010197,0.12441,0.031621,0.016613,0.025961,-0.010194,-0.011724,0.049928,0.12681,-0.03475,0.0044661,0.023828,-0.033116,-0.019052,-0.020985,-0.02771,-0.060358,-0.0032929,0.0027027,-0.016418,0.099331,0.022664,0.094613,0.023619,-0.039551,-0.050484,-0.021191,0.046622,-0.053217,-0.12696,0.010115,0.088673,0.059637,0.094712,0.009762,0.019219,0.066107,0.094101,-0.076121,-0.12144,0.017562
"Bin.8.50",-0.043666,0.027111,-0.015399,-0.045025,0.00042572,-0.024449,-0.10241,0.096098,0.017607,0.050232,0.09616,0.0030685,0.03242,0.065761,-0.027708,-0.014427,0.063806,0.10755,-0.014208,0.010217,-0.0365,-0.035075,0.023199,-0.042273,-0.032565,-0.0083727,-0.0036382,0.004902,0.015376,0.080223,0.053175,0.051684,0.01185,-0.081952,0.033959,0.058045,0.013197,-0.085471,-0.13019,0.048402,0.057127,0.025946,0.11248,-0.041462,-0.17382,0.0062465,0.075785,0.059511,0.063493,-0.08175
"Bin.8.46",-0.026578,0.027664,-0.016845,-0.016642,-0.017581,-0.0039712,-0.019762,0.044405,0.011656,0.097391,0.038228,0.0041498,0.060462,0.099356,0.12295,0.028179,-0.042117,0.055987,0.021472,-0.026982,0.14521,-0.017353,0.058556,0.022189,-0.015103,0.062304,0.08099,-0.080791,-0.058581,0.0013247,-0.046654,-0.0082948,0.12349,0.082694,-0.010913,-0.02457,0.065314,0.24419,0.096919,-0.090941,0.04608,-0.021611,0.050873,-0.036392,-0.018657,-0.11807,0.13569,0.11157,0.052905,-0.1099
"Bin.8.42",-0.036784,0.05621,-0.08835,-0.13568,-0.0069473,-0.04358,-0.048429,0.091753,-0.017633,0.036706,-0.0083097,-0.018803,0.050553,0.055043,-0.024101,-0.055957,0.095476,0.10864,-0.086425,0.066069,-0.020108,-0.018761,0.090893,-0.069679,-0.067728,0.039027,0.010728,-0.0044118,-0.028771,-0.030308,0.0024821,0.076811,0.058693,0.030687,0.046511,-0.020568,-0.044773,0.028362,0.0084029,-0.066848,-0.0076042,-0.10982,-0.062608,0.026995,-0.053208,-0.029573,0.046478,-0.053391,-0.13898,0.030432
"Bin.8.38",-0.033095,0.047768,-0.088471,-0.10979,-0.024148,-0.0247,0.012055,0.10904,0.010074,0.048025,-0.01972,0.023085,0.041473,-0.015434,-0.026581,-0.099061,0.02145,-0.024889,-0.020409,0.072127,0.048033,-0.023913,0.056377,0.043801,0.044716,-0.097059,0.015116,-0.023682,-0.065344,-0.027588,-0.042826,0.0021762,-0.0053137,0.068824,0.036657,-0.070199,-0.03306,0.0023757,-0.064486,0.006918,0.059369,0.04456,0.0070178,0.0088312,0.12045,0.076637,-0.08883,-0.084271,-0.046037,0.0057697
"Bin.8.34",-0.033825,0.016957,-0.039053,-0.06464,0.004478,-0.043159,0.017195,-0.0026057,0.068265,0.06112,-0.023823,0.021093,0.085864,0.061629,0.023872,-0.069344,-0.039909,-0.015978,0.040814,-0.020528,0.026046,-0.0057054,0.082656,0.074281,-0.046293,-0.053281,0.014832,-0.10112,-0.018856,0.027776,0.060526,-0.0052695,-0.069193,0.03442,-0.12951,-0.043751,-0.019515,-0.15254,-0.058643,-0.015126,-0.045822,0.094381,0.018992,0.0094448,-0.047667,0.071466,-0.0096831,-0.062646,0.035508,-0.076344
"Bin.8.30",-0.038465,0.040033,-0.058018,-0.09572,0.015999,-0.051371,-0.026144,-0.011426,0.048377,0.036924,-0.0074946,0.010823,0.082112,0.089483,-0.025187,0.030269,0.019014,-0.00059161,-0.052841,-0.007847,0.0065666,0.029628,0.042148,0.065616,-0.040692,-0.069567,-0.05761,0.012117,0.02409,0.081741,-0.096299,0.055051,-0.072308,-0.055985,0.11284,0.012262,0.033388,0.060722,-0.086845,0.035152,0.068946,0.065516,0.083629,0.033318,0.022723,-0.08786,0.028953,-0.13743,0.095251,0.1458
"Bin.8.26",-0.033944,0.05074,-0.068635,-0.10003,-0.0099778,-0.043856,-0.023576,0.056484,0.03188,-0.015239,-0.01256,0.017254,0.013436,0.058308,-0.026962,-0.021943,0.025082,-0.017026,-0.051257,-0.026807,0.020744,-0.020907,0.077035,0.012601,0.0032621,-0.024018,-0.047246,-0.070834,-0.047395,-0.014877,-0.096299,-0.014693,0.0099773,-0.10104,0.093174,-0.070746,-0.06957,0.077232,0.025181,-0.13069,0.083439,-0.079574,-0.029449,0.019672,-0.037838,-0.066348,-0.099283,0.037267,0.019598,-0.06772
"Bin.8.22",-0.017345,0.031997,-0.045578,-0.068709,-0.026597,-0.076863,0.055318,0.066393,0.046492,-0.010265,0.048164,0.072007,0.067841,0.061217,0.0098311,-0.042762,-0.0060554,0.034462,-0.053322,-0.029399,0.020828,0.018433,0.055946,0.056092,0.01575,-0.039272,0.032664,-0.034066,-0.034762,0.019874,0.036175,-0.033433,-0.023532,0.027151,-0.075552,-0.025607,-0.061089,-0.02969,0.047128,0.064743,-0.11772,0.01297,0.014679,-0.0048134,-0.024006,0.15421,0.24358,0.01388,0.10775,-0.0097463
"Bin.8.18",-0.021447,0.0069743,-0.011131,-0.033507,0.011506,-0.064632,0.050377,0.091441,-0.015858,-0.014866,0.066567,0.0020609,0.12953,0.1133,0.03232,-0.0025409,0.043328,0.14563,-0.0026794,0.10903,0.016172,0.078989,0.20639,0.11733,0.015058,-0.07188,0.11662,0.032594,-0.023757,0.080023,-0.03169,0.014434,-0.071167,0.0098978,-0.066557,-0.064675,-0.017503,0.016644,-0.059962,0.17591,-0.11514,0.031503,-0.035868,-0.23536,0.061569,0.084062,-0.046215,0.1083,0.004828,0.022943
"Bin.8.14",-0.035863,0.041562,-0.064464,-0.10656,0.0081653,-0.0291,-0.0067664,0.028467,0.0169,0.047629,-0.056731,0.011628,0.042102,0.065051,-0.0090633,-0.017186,0.0076941,0.023642,-0.058078,0.066442,0.1056,0.0073772,0.096439,-0.057807,-0.027879,-0.11687,-0.058514,0.028766,0.052327,0.038162,-0.12429,0.017101,-0.0020623,0.018468,0.0073455,0.09852,-0.041677,0.16168,0.074983,-0.12113,-0.044438,0.030444,-0.048323,0.074081,0.047424,0.038422,0.11706,0.084402,0.030497,-0.046547
"Bin.8.10",-0.031546,0.011511,-0.0054429,-0.047068,0.022656,-0.03768,-0.055712,0.054768,0.1077,0.12398,-0.037993,0.056952,-0.09532,-0.01871,-0.076997,0.0045939,0.11497,0.025239,-0.063504,0.0088272,0.034325,-0.04442,0.0058326,0.0082688,0.0069985,-0.019334,0.02038,0.073826,0.0058076,-0.0098451,-0.030605,-0.035772,-0.0079979,0.069133,0.074769,-0.023258,0.0062141,0.0070476,-0.060836,-0.10076,-0.0092498,0.043802,-0.01004,0.10886,0.0048865,-0.014273,0.0055095,-0.10287,-0.082239,0.0066007
"Bin.8.06",-0.038479,0.013692,-0.026041,-0.029626,0.030693,-0.034636,0.0050306,0.064395,0.076002,0.094679,0.0019303,0.028181,-0.071357,-0.0057599,-0.019063,-0.014569,0.075174,0.047094,-0.0013743,0.028141,0.034437,-0.085865,0.027006,0.01499,0.051475,-0.10109,-0.06111,0.062504,-0.099923,0.0614,-0.049445,-0.045905,-0.034721,0.12209,-0.049104,-0.011991,-0.050086,0.10439,-0.056947,-0.099211,0.19167,0.12099,-0.04432,0.12133,0.043579,0.053225,-0.1677,0.059834,0.0024203,0.075168
"Bin.8.02",-0.03145,-0.0085876,-0.025085,-0.033913,0.018592,-0.043239,0.030879,0.090649,0.0086465,0.019479,0.037303,0.061295,0.0126,0.094181,-0.0031562,-0.01051,0.00029971,0.11396,-0.015282,0.11013,0.090172,-0.044387,0.18174,0.034662,-0.058682,-0.13069,-0.030962,-0.049049,-0.075285,-0.081477,-0.0085074,0.041336,0.065095,-0.030457,-0.070688,-0.10677,0.021759,-0.14254,-0.080492,-0.01925,-0.08125,-0.0096177,0.11953,-0.054932,-0.08289,0.13314,-0.044519,0.032312,0.15111,-0.0068884
"Bin.7.98",-0.014311,-0.013149,0.0059054,-0.021592,0.077348,-0.031017,-0.016428,-0.034076,-0.051448,0.036803,-0.038051,0.020827,0.046896,0.098725,0.00019664,0.086223,0.021792,-0.024031,-0.069312,0.05626,-0.00022367,-0.031514,-0.10232,0.033394,0.022132,-0.023953,-0.06208,-0.084853,0.14507,0.055906,-0.029772,0.15136,0.030037,0.0077264,-0.094087,-0.022005,0.091843,0.036859,-0.09307,-0.064849,-0.079298,0.054706,0.19982,0.12149,0.070673,0.012651,0.07715,-0.021369,-0.077886,-0.065022
"Bin.7.94",-0.021176,0.0109,0.052196,-0.041539,0.015489,-0.035309,-0.027569,-0.017286,0.057698,0.028971,0.010035,0.035804,-0.032219,-0.03538,-0.10266,-0.079818,0.070681,-0.12032,-0.043813,0.0364,-0.042892,0.013872,0.055245,-0.0077873,0.11419,-0.17705,0.069757,-0.035244,0.00032228,-0.013417,0.096706,0.051607,0.18417,-0.011281,-0.10655,-0.063512,0.16795,0.059687,0.034563,0.030958,0.00062859,0.059008,0.035019,0.064971,0.11887,-0.028793,-0.13613,0.045067,0.13204,-0.061743
"Bin.7.90",-0.0081479,0.020432,-0.029258,-0.0010709,0.035068,0.023941,-0.010742,-0.13873,0.046736,0.021713,-0.036265,0.068961,-0.022173,0.11306,0.024308,0.047889,-0.10298,-0.064019,0.01025,-0.030063,-0.029201,0.086634,0.022835,-0.013034,-0.025662,-0.026753,0.14341,-0.063026,-0.024313,-0.0090127,0.035576,0.034354,0.028762,-0.11109,-0.073689,0.17035,0.026584,0.1062,0.071435,0.10428,-0.064187,0.11818,-0.044055,-0.10261,-0.080972,0.15543,0.038609,0.045137,-0.011796,0.10606
"Bin.7.86",-0.0035062,-0.056573,0.10525,0.042081,0.040731,0.049263,-0.091627,0.014777,-0.022729,-0.018984,0.14081,0.028512,-0.052466,0.0021522,-0.025379,-0.032976,0.0011128,0.084328,0.0058692,-0.058057,0.023797,0.017152,-0.01685,-0.046714,0.033323,-0.068443,0.048229,0.033533,0.036391,0.042824,-0.019063,-0.013412,0.018213,-0.044883,-0.06294,-0.10068,-1.9265e-05,0.0051295,0.11747,0.020999,0.03578,-0.045832,0.03173,0.020144,-0.037213,0.0106,-0.0040982,-0.12125,-0.0051192,0.047889
"Bin.7.82",-0.006059,-0.062395,0.11102,0.059591,0.045324,0.048911,-0.098593,0.01451,-0.034609,-0.016411,0.15596,0.0098864,-0.051799,0.0047921,-0.035738,-0.0033904,-0.0016476,0.096648,0.0049989,-0.04215,-0.025898,0.030171,-0.016476,-0.040199,0.056407,-0.082569,0.052008,0.027991,0.028527,0.034126,-0.053521,-0.01736,0.011392,-0.060763,-0.0085718,-0.054176,-0.0095241,-0.045464,0.046064,0.044303,0.035303,-0.021826,-0.0054431,0.0034825,0.039397,0.018339,0.034454,-0.019103,-0.043151,0.02165
"Bin.7.78",-0.034382,0.010581,-0.009404,-0.046094,0.00075007,-0.014935,-0.018933,0.044739,0.0093085,0.080746,-0.10664,-0.10204,0.010792,0.037565,0.0012542,0.012982,-0.017803,-0.0021854,-0.082939,-0.054601,-0.052257,0.049574,0.017778,0.08287,-0.060054,-0.024795,-0.051905,-0.036994,-0.085415,0.096076,-0.036576,0.031015,0.045308,0.007631,-0.217,0.11357,-0.069983,-0.077376,0.11034,0.053708,-0.041858,-0.037183,-0.033461,0.042328,0.026781,-0.087045,0.0088642,-0.020668,-0.096252,0.01968
"Bin.7.74",-0.025742,0.010306,0.00021417,-0.030745,-0.00067276,0.00129,0.008792,0.030781,0.056728,0.098911,-0.046347,-0.033271,-0.031142,-0.028981,-0.029263,-0.10587,-0.042495,-0.036256,0.040795,-0.018341,-0.032202,0.021755,0.0061557,0.038729,-0.051822,-0.10393,0.051604,-0.03972,-0.10864,0.011344,0.066987,-0.045088,0.06087,0.098128,-0.18532,-0.07018,-0.020718,-0.15106,-0.0049311,-0.02725,-0.013106,0.091786,0.058629,-0.044842,0.19813,0.017053,-0.1301,0.079169,-0.067766,0.097871
"Bin.7.70",-0.02515,-0.016925,0.0050884,-0.033937,0.023207,-0.030599,-0.0019585,-0.062161,0.047666,0.062517,-0.019102,0.031619,0.035197,0.10205,0.030993,0.020917,-0.026573,-0.061212,0.019617,-0.027721,-0.039537,0.00074792,-0.04145,0.085884,0.0086504,-0.073913,-0.0034812,-0.030668,0.079496,-0.072904,-0.023809,0.093856,0.037319,0.11806,-0.05454,-0.015773,0.04451,-0.060168,0.059063,0.018366,-0.11496,0.081033,-0.050176,-0.13874,-0.027259,-0.15956,0.047636,0.011532,0.18836,-0.006049
"Bin.7.66",-0.0033796,-0.052884,0.095572,0.039781,0.046316,0.044842,-0.085378,0.0082633,-0.029252,-0.012492,0.10651,0.019967,-0.049314,0.026397,-0.027063,-0.037933,-0.010724,0.057006,-0.011392,-0.046494,0.011738,-0.0044269,-0.00092048,-0.0063602,0.026773,-0.050866,0.07837,0.024967,0.034099,0.059507,0.028098,-0.067915,-0.0081021,0.010266,-0.12403,-0.06723,0.039987,-0.0095066,0.1495,0.015022,-0.02094,-0.039353,0.06156,-0.028739,0.10198,0.074843,-0.022751,-0.082145,-0.060492,-0.076916
"Bin.7.62",-0.021249,-0.041153,0.099658,0.039047,0.044256,0.04249,-0.11113,0.0066137,-0.020129,-0.019616,0.14389,0.015614,-0.034404,0.023675,-0.025657,0.0091009,0.021084,0.095525,0.0090902,-0.042585,-0.02744,0.041328,-0.028461,-0.048771,0.043995,-0.085208,0.018831,-0.0062559,0.019158,0.019347,-0.053114,-0.013765,-0.00039393,-0.12194,0.026085,-0.0017293,0.00071604,-0.071951,0.023784,0.062609,0.016561,-0.033922,-0.0081629,-0.012169,0.043681,-0.0069602,0.040975,0.056079,0.053915,0.028646
"Bin.7.58",-0.023614,-0.047801,0.1146,0.03851,0.05225,0.046472,-0.096581,0.015492,-0.033293,-0.023244,0.12537,0.022274,-0.038228,0.0011546,-0.025899,-0.031317,0.00076181,0.069825,0.0066592,-0.033582,0.0072478,0.0030031,-0.03019,-0.021868,0.035564,-0.088466,0.032166,0.030428,0.02844,0.079151,-0.022348,-0.040834,0.0274,-0.067913,-0.035024,-0.10072,-0.013869,-0.029981,0.072293,0.026757,0.0080584,-0.013349,0.015337,0.07149,0.042549,0.052787,0.0029343,0.011986,-0.09492,-0.066134
"Bin.7.54",-0.010676,-0.05356,0.11471,0.054244,0.054264,0.04699,-0.093395,0.017114,-0.030168,-0.019563,0.14527,0.021632,-0.051736,0.012656,-0.02662,-0.012392,0.0013138,0.068318,0.013939,-0.032924,0.0019175,0.028131,-0.034794,-0.046986,0.043621,-0.08753,0.048143,0.0014809,0.0045644,0.0047706,-0.060499,-0.013465,-0.023511,-0.089537,0.0060462,-0.05639,-0.06042,-0.080699,0.017719,0.068068,0.023906,-0.0020357,0.017003,0.024423,0.053708,0.037084,0.049087,0.027407,-0.032914,0.036933
"Bin.7.50",-0.043843,-0.011039,0.023382,0.010064,0.040838,-0.028603,-0.05194,-0.022925,-0.015791,0.072325,-0.035224,-0.052653,-0.018691,0.12039,0.050913,-0.043615,0.056728,-0.010356,0.035139,0.059675,-0.063589,0.070095,-0.024291,0.12904,-0.030364,0.0092963,0.015594,-0.056802,0.036639,-0.023887,-0.044127,0.071596,0.052275,-0.0052601,-0.024074,0.064498,-0.093234,0.0026451,-0.080147,-0.07189,-0.016485,-0.079939,-0.0013143,0.082726,0.060375,0.065393,-0.060956,0.21008,-0.086657,0.12201
"Bin.7.46",-0.032844,0.014449,-0.01171,-0.033697,0.020603,-0.0047447,-0.068246,-0.052217,-0.069421,0.060989,-0.037906,-0.037896,-0.025116,0.094311,-0.0016633,-0.03185,0.02219,-0.0097561,0.044581,0.12848,0.003062,-0.019396,-0.085132,0.054997,-0.042126,0.059296,-0.08702,-0.05405,0.0078236,0.026634,0.015974,-0.069851,-0.03668,0.059552,0.0093737,-0.016044,-0.13238,-0.033278,0.028186,0.0093082,-0.035441,-0.059752,0.10414,0.096174,-0.0087148,0.091698,-0.079083,0.067119,-0.018659,-0.0051896
"Bin.7.42",-0.008272,0.0044568,0.0056691,-0.014938,0.049789,-0.015223,-0.046666,-0.071461,-0.13323,0.033732,-0.030371,-0.0029373,-0.043415,0.093063,-0.10161,0.035836,0.024874,-0.02812,0.006819,0.12596,-0.036248,0.0077399,-0.076954,-0.047343,0.012641,0.01061,-0.032624,-0.023145,-0.0089876,0.038472,0.026323,0.056809,-0.029438,0.058032,0.069231,-0.16113,-0.061222,-0.015508,-0.027687,0.083448,-0.11702,0.052654,0.025376,0.072648,-0.054696,-0.033919,0.00063979,0.13989,-0.0039578,-0.048462
"Bin.7.38",-0.010359,0.0051237,0.014536,-0.026084,0.043099,-0.016785,-0.054808,-0.064203,-0.11033,0.044197,-0.032385,-0.011845,-0.05646,0.10786,-0.077367,-0.0086485,0.010607,-0.043689,0.027265,0.1309,-0.0087454,0.012328,-0.08964,-0.01336,0.00088637,0.043547,-0.041333,-0.026068,0.0066967,-0.002573,0.0028168,-0.044741,-0.053716,0.043647,0.023131,-0.13509,-0.069038,-0.012737,-0.022215,0.095156,-0.10247,0.079261,0.056499,0.029349,-0.013931,0.082545,-0.0014536,0.099653,0.038994,0.00019456
"Bin.7.34",-0.010009,4.5898e-05,0.0066758,-0.011085,0.026714,-0.011828,-0.049947,-0.074891,-0.10676,0.03326,-0.029433,-0.045743,-0.034001,0.06044,-0.061911,-0.0012134,0.0067652,-0.00067188,0.043748,0.1524,-0.060619,0.05163,-0.07066,-0.018502,0.033745,0.032723,-0.10168,-0.032083,-0.0044051,-0.00037874,-0.047337,-0.066653,0.011217,0.064209,0.022656,-0.010988,-0.093725,0.0086912,0.00075148,0.10207,-0.08127,0.021062,0.018339,0.11983,0.046892,0.039623,0.044671,0.061031,-0.00018459,0.022654
"Bin.7.30",-0.020926,-0.031699,0.043641,0.016867,0.033952,0.0019895,-0.029514,0.014502,-0.034791,0.063293,-0.016057,-0.032501,-0.10268,0.04767,-0.042517,-0.042625,-0.021713,0.021347,0.050491,0.022675,-0.063755,0.072682,-0.033733,-0.010311,-0.063004,0.00096562,-0.033277,0.028871,-0.052281,0.0839,0.0082168,-0.11163,0.12403,0.062987,-0.1124,0.030372,-0.0029798,0.037171,-0.057112,-0.16413,0.042088,0.015491,0.063751,-0.076462,-0.0086583,0.10835,0.041759,0.092823,0.024974,0.032126
"Bin.7.26",-0.021693,-0.026102,0.0068256,-0.011195,0.054768,0.0015221,-0.07697,-0.05408,-0.067264,0.061019,0.0065106,-0.06096,-0.015567,0.10293,-0.092607,0.052798,0.013297,-0.015711,0.034964,0.074741,-0.028451,-0.0070573,-0.0079048,-0.086383,0.041142,0.036052,0.0084018,-0.045862,-0.015381,0.016951,0.084902,-0.050026,0.09068,-0.031316,-0.005974,0.098904,0.013302,0.066368,0.0019891,-0.18474,0.060774,-0.027312,-0.072228,-0.080313,0.051726,0.11228,0.060326,-0.14493,-0.1597,-0.027709
"Bin.7.22",-0.013639,-0.038904,0.020175,0.01393,0.066378,0.011739,-0.044853,-0.027237,-0.072817,0.063929,0.01318,-0.02425,-0.028642,0.13384,-0.099135,0.014329,0.025511,-0.0091135,0.034729,0.080441,0.0018808,-0.03323,-0.041961,-0.035731,0.031941,0.041328,0.039477,-0.034541,0.02874,0.017743,0.08449,0.0092979,0.048802,0.015806,-0.065165,-0.043409,-0.015431,0.091781,-0.041214,-0.13586,0.04013,-0.053091,-0.053354,-0.12251,0.027938,0.15258,-0.094424,-0.14145,-0.11606,0.030226
"Bin.7.18",-0.018909,-0.0094494,0.0036846,-0.0070864,0.043292,-0.063987,-0.013036,0.028987,-0.074874,0.056134,0.058623,-0.011548,0.0283,0.10517,-0.018924,0.017859,0.029664,0.099591,0.0045456,0.11251,0.0033602,-0.023408,0.024434,0.12983,0.031494,0.019663,0.013515,-0.041883,-0.02914,0.018661,-0.050821,-0.067466,-0.012841,-0.02262,-0.042823,0.013747,-0.0086152,-0.038879,-0.03247,0.1636,-0.21871,0.0075566,-0.14429,-0.12957,0.083462,-0.12247,-0.18484,-0.1529,0.018436,-0.045815
"Bin.7.14",-0.028845,0.0018167,0.027169,-0.010107,0.022983,-0.058647,-0.029331,0.11803,0.0053707,0.047684,0.00044001,-0.050796,-0.0015688,0.0039682,0.0080575,-0.085583,0.08289,0.073329,-0.058271,0.14356,-0.033405,0.016196,-0.10678,0.11886,0.00096205,0.08737,-0.12452,-0.044911,0.1224,0.025858,-0.25632,-0.19714,0.11572,-0.04226,-0.079242,0.057715,0.038341,0.03881,-0.031416,0.090712,-0.069601,-0.061233,0.067576,0.084532,0.10925,0.015157,-0.068101,0.034014,-0.016714,-0.0035133
"Bin.7.10",-0.017189,0.014847,0.01858,0.007545,-0.00074534,-0.044233,0.0040479,-0.075156,0.1242,0.047724,0.003532,0.10378,-0.10574,0.019428,0.028603,-0.0061494,-0.086975,-0.10156,0.13272,-0.1143,-0.079116,0.15643,-0.0051179,-0.01802,0.058957,-0.12946,0.050312,-0.10668,0.10114,-0.052085,0.063168,-0.07278,0.014213,-0.13775,-0.037059,0.014392,0.12452,-0.035448,-0.11942,-0.10679,-0.16919,0.043257,-0.030041,0.01414,-0.10502,0.0402,-0.0057089,0.087551,0.068751,0.004928
"Bin.7.06",-0.013464,0.02433,-0.0093427,-0.039014,0.035213,0.030886,-0.085529,-0.059612,-0.047911,0.076341,-0.027902,0.023432,-0.024814,0.1071,-0.0094207,0.02587,-0.02094,-0.026956,-0.044867,-0.017269,-0.052419,0.028761,0.064118,0.084625,0.083063,-0.0022897,-0.059115,-0.040039,0.14244,0.18644,-0.080246,0.043658,0.053599,0.086159,-0.075385,-0.074454,0.088066,-0.00057338,0.10804,-0.042406,0.10256,-0.25199,0.061313,0.036066,0.16147,-0.17683,0.025447,-0.097369,0.085289,-0.049404
"Bin.7.02",-0.033888,0.018354,-0.0076501,-0.02534,-0.020498,0.038126,-0.062142,-0.063891,0.0064739,0.096749,-0.035056,-0.0031709,-0.03666,0.066293,0.00034141,0.00027437,-0.022118,-0.087065,0.031484,-0.052606,-0.022079,0.044307,-0.017769,0.043877,0.11298,-0.045858,0.049023,-0.097903,0.059078,-0.026226,0.010159,-0.0025708,0.018032,0.11379,-0.10747,0.053826,0.024751,0.12371,0.011287,0.0055051,-0.0042354,-0.045957,-0.042242,-0.0044901,-0.1161,-0.065847,0.048946,0.030089,-0.18804,0.074577
"Bin.6.98",-0.044721,-0.0037268,0.020473,-0.0050263,0.0049811,0.050453,-0.019746,0.032632,-0.060685,0.072097,-0.094607,-0.089731,-0.094506,-0.015624,-0.0033902,-0.053277,-0.062476,0.046983,0.053037,-0.033828,-0.09483,0.085664,-0.011883,0.08447,-0.051053,0.067165,-0.098811,0.031205,-0.041636,0.11004,-0.016502,-0.035505,0.09522,0.049275,-0.086518,-0.026854,-0.096801,-0.10542,0.035112,-0.024126,0.029938,0.00068789,-0.060938,-0.019914,-0.20888,-0.04055,-0.095305,-0.049336,0.13548,0.023145
"Bin.6.94",-0.15363,0.0049873,0.12407,0.0069633,0.08654,0.061787,0.022875,0.011548,-0.077332,-0.015831,-0.10733,-0.0060162,-0.012392,-0.045267,0.04572,0.0064761,-0.014642,-3.1878e-05,0.051951,-0.015427,-0.011025,0.058641,-0.018113,0.049413,-0.0019128,0.095732,-0.058816,0.035815,-0.026683,0.031763,-0.030047,0.020509,0.0756,-0.038914,-0.022187,-0.011593,-0.027039,-0.058372,-0.012183,0.0041205,0.076947,-0.0014104,-0.0041438,0.056375,-0.07733,0.052159,-0.087301,-0.0062538,0.024751,-0.020612
"Bin.6.90",-0.048399,0.0097426,0.029181,-0.002595,-0.0022592,0.018439,-0.0043141,-0.0041459,-0.013538,0.043973,-0.022577,-0.015276,0.037551,0.022658,0.035171,-0.036507,-0.092995,0.044149,-0.010607,-0.0059626,-0.067721,0.074463,-0.089065,0.06757,-0.031356,0.059001,0.046303,0.028738,-0.043833,0.01483,-0.017241,0.088815,0.07825,0.077599,0.021484,0.12393,-0.0024408,-0.0083495,0.023703,-0.0051463,-0.06093,0.10247,0.020338,-0.0081399,0.0076153,0.012192,-0.090165,-0.19957,0.034718,0.0058749
"Bin.6.86",-0.052416,0.0076701,0.045257,-0.005947,0.013581,-0.04923,0.015833,0.010377,-0.035847,0.0594,0.0027194,-0.0056926,-0.0082503,0.1006,0.034142,-0.052196,-0.04378,0.039927,-0.0063594,0.030913,-0.038369,0.053954,-0.091402,0.10801,-0.016865,0.035007,0.011335,0.037954,-0.09133,-0.00087541,-0.029426,0.031854,0.047343,0.0772,-0.0068869,0.052782,0.14144,-0.013906,0.068173,-0.026126,-0.077939,0.10715,0.045357,-0.068621,-0.071873,-0.066644,-0.043184,-0.1743,0.088049,-0.064683
"Bin.6.82",-0.033668,0.018375,-0.034081,-0.029393,-0.034474,-0.053612,-0.04436,0.0090143,-0.00079659,0.072653,-0.019236,-0.068877,0.0036549,0.1031,0.030365,-0.005583,-0.030754,-0.010872,-0.015522,0.0041198,-0.10258,0.058197,-0.056444,0.020232,-0.052243,0.0009057,0.02161,0.061772,0.064016,0.069716,0.10235,0.031167,0.020164,0.088683,-0.027951,0.077806,0.07937,-0.091233,0.10785,-0.060216,0.031576,-0.070122,0.023247,-0.15595,-0.24388,0.093555,-0.049584,-0.12226,0.095327,-0.088916
"Bin.6.78",-0.15795,0.011099,0.12746,-0.01843,0.088146,0.040556,0.015742,0.014967,-0.051272,-0.0088448,-0.060501,0.0023848,0.02731,0.03905,0.052493,0.028021,0.0016018,-0.044668,0.0044746,0.012658,0.040925,-0.019171,0.0029358,0.042791,0.014295,0.060512,0.00093455,-0.00023244,-0.022429,0.022096,0.017007,0.050934,0.01281,-0.064252,-0.01274,0.02069,0.010195,-0.03391,-0.037252,0.00015691,0.11403,-0.0072775,-0.011545,0.048807,-0.014731,0.064764,0.0014257,0.007639,-0.0063315,0.063365
"Bin.6.74",-0.16067,0.014035,0.12094,-0.025874,0.080837,0.031659,0.0098971,0.0037801,-0.048848,0.0074335,-0.075627,0.0033049,0.012877,0.049957,0.045205,0.021115,0.022484,-0.058581,0.0053491,0.031431,0.036588,-0.0099212,0.010465,0.059985,0.03004,0.051616,0.013353,-0.028124,-0.0098176,0.008536,-0.014641,0.05616,-0.036615,-0.060861,-0.042634,0.043998,0.020446,0.026544,-0.021424,0.0014523,0.11832,-0.034649,-0.080309,0.064299,-0.016676,0.02719,0.015403,-0.0016182,0.027395,-0.00087305
"Bin.6.70",-0.1605,0.0079926,0.1271,-0.024696,0.069783,0.032511,0.024841,-0.003739,-0.013939,0.0057111,-0.081083,0.011962,0.025795,0.030206,0.061446,-0.0071605,0.011578,-0.080435,0.026797,-0.011512,0.041018,-0.0016337,0.009002,0.061059,0.017481,0.046898,0.0091896,-0.036113,-0.012206,0.011957,0.0070818,0.028805,-0.053912,-0.030786,-0.06791,0.03821,0.023009,0.0009375,0.038161,-0.0080147,0.11493,-0.012011,-0.069996,0.065383,0.010496,-0.0025638,-0.028494,-0.10029,0.01796,0.07556
"Bin.6.66",-0.16175,-0.025108,0.13584,-0.021497,0.065502,0.024412,0.025836,0.0087076,-0.010324,-0.0039089,-0.055946,0.0032682,0.035648,0.0079186,0.053277,0.009183,0.02315,-0.036103,0.024021,-0.047618,0.026466,-0.0049247,-0.01238,0.054616,-0.0019438,0.053209,-0.012688,-0.031499,0.017861,0.005302,0.009656,0.010459,0.016359,0.012148,-0.056306,0.06472,-0.011429,-0.035712,0.031354,0.011129,0.078789,0.026673,-0.063529,-0.020955,0.012735,-0.067995,-0.011566,-0.096401,0.046242,-0.022523
"Bin.6.62",-0.15815,-0.12922,0.12232,-0.087977,-0.049908,-0.022831,0.053819,0.0052148,0.034245,0.034473,0.018835,-0.081701,0.052961,-0.04742,0.014447,0.026278,0.06865,0.044739,0.10268,-0.11711,0.0072419,-0.035156,-0.15285,0.020211,-0.050459,-0.098328,-0.048182,-0.095951,0.028462,0.0036587,-0.028868,0.0057119,-0.0063297,0.070302,0.078923,-0.041485,-0.043097,0.076484,-0.017036,-0.012326,0.018924,-0.033409,0.04937,-0.12164,-0.04063,-0.051265,0.024017,0.018606,0.032388,0.020701
"Bin.6.58",-0.15536,-0.13638,0.12659,-0.09303,-0.060845,-0.015035,0.07267,-0.0049774,0.020386,0.041316,0.013366,-0.098599,0.041563,-0.06417,0.010972,0.022582,0.069987,0.029693,0.10013,-0.12126,0.028752,-0.024307,-0.1595,0.026735,-0.046804,-0.14038,-0.051107,-0.074804,0.023019,0.0019066,-0.040783,-0.029995,0.040879,0.10022,0.073546,-0.078269,-0.053756,0.091991,-0.01265,0.024041,-0.032877,-0.096306,0.058706,-0.11178,-0.03459,0.025004,0.002041,0.034505,0.05132,0.16469
"Bin.6.54",-0.15356,-0.15702,0.11685,-0.10435,-0.091712,-0.014234,0.045826,-0.03908,-0.00066091,0.012838,-0.036087,-0.061343,0.0079856,-0.069593,0.025223,0.034032,0.029407,0.048761,0.088771,-0.085936,-0.016856,-0.037083,-0.080969,0.017401,0.0036272,-0.082012,-0.067511,-0.025493,-0.033343,0.0022564,-0.040758,-0.00032116,-0.029335,0.063381,0.097603,-0.037646,-0.11372,0.10742,0.011029,-0.036051,0.034682,-0.07765,0.033921,-0.065678,0.035692,0.021082,0.054324,0.071959,0.12347,-0.058546
"Bin.6.50",-0.0035765,-0.23547,0.016116,-0.10623,-0.23906,-0.10545,-0.078832,-0.070892,0.03752,0.012379,-0.025832,0.051628,-0.030575,0.022405,0.016203,0.011927,-0.040224,0.032028,-0.079173,0.039745,-0.062809,-0.057599,0.047394,9.8759e-05,0.023196,0.044114,0.024661,0.039086,0.036556,0.026399,-0.0087324,-0.0043534,-0.028153,-0.02601,0.0478,0.031646,0.021215,0.0048285,-0.051852,-0.02102,0.041791,-0.0088862,0.0015988,-0.034521,0.052634,-0.0060627,0.062038,-0.037613,-0.00047799,0.034764
"Bin.6.46",-0.0039098,-0.23179,0.0024739,-0.14063,-0.25173,-0.10203,-0.080795,-0.052065,0.0050736,-0.0087651,-0.031828,0.068559,-0.026757,0.015681,0.014384,-0.029232,-0.050534,-0.015978,-0.062388,0.050781,-0.052529,-0.045389,0.051813,0.0089718,0.045503,0.044293,0.046714,0.074687,0.030863,0.012341,-0.002036,0.013727,-0.018896,-0.038871,0.019317,0.020129,0.016267,-0.014615,-0.054802,0.018779,0.032117,0.0068,-0.018315,-0.033427,0.0073904,0.04273,-0.0059471,-0.0073804,-0.055368,-0.026038
"Bin.6.42",-0.13786,-0.20458,0.13517,-0.1095,-0.13274,-0.041678,-0.036522,-0.050814,-0.025503,-0.07465,-0.093641,0.076291,0.010083,-0.0084441,0.064372,-0.00069075,-0.064137,-0.0096272,-0.044989,0.028839,0.00325,0.012167,0.05603,0.059018,0.01462,0.069396,0.018971,0.027513,0.0070289,0.023323,0.022035,0.0024885,-0.011618,-0.103,-0.029914,-0.011979,-0.0017493,-0.00015842,-0.05472,-0.03555,0.01672,0.064977,0.024283,0.031757,0.051096,-0.015745,-0.02897,0.062105,0.069499,0.083525
"Bin.6.38",0.00078555,-0.23966,0.029559,-0.11154,-0.24737,-0.10771,-0.060007,-0.072383,0.033315,-0.010599,-0.027007,0.048677,-0.013715,0.033563,0.0056038,0.0017721,-0.056379,0.006229,-0.063499,0.066699,-0.049927,-0.021775,0.043784,-0.0028493,0.020311,0.020917,0.029094,0.048336,0.04273,0.043039,0.0035769,-0.029828,-0.0069298,-0.042524,-0.0069237,-0.0067808,0.044878,0.011366,-0.022577,0.0063878,-0.032515,0.011256,0.055043,0.014429,-0.022978,0.052758,-0.043286,0.051021,-0.082932,-0.06609
"Bin.6.34",-0.13844,-0.20322,0.13794,-0.1171,-0.14068,-0.036442,-0.010186,-0.072526,-0.032666,-0.062573,-0.097488,0.051385,0.006571,-0.0032537,0.040667,0.0098398,-0.053093,-0.018463,-0.038244,0.065498,0.031358,0.0060921,0.080457,-0.0022889,0.052914,0.033129,-0.031339,0.056502,-0.016878,-0.0015671,0.022765,0.0089739,-0.0018976,-0.075842,-0.036606,0.001231,-0.017599,-0.0057921,0.045683,0.02936,0.0053211,0.026912,-0.015112,0.067596,0.0064291,0.032537,-0.034595,-0.038298,-0.078203,0.006697
"Bin.6.30",-0.00012391,-0.23382,0.026582,-0.10729,-0.24007,-0.10212,-0.029964,-0.051647,0.012705,-0.033236,-0.0032803,0.042961,-0.02745,0.031036,0.0069478,-0.030634,-0.080659,0.010016,-0.052011,0.065257,0.0052119,0.022623,0.077581,-0.024409,0.03854,-0.0089045,-0.012771,0.032659,0.050799,-0.0010368,0.033286,-0.022816,0.050117,-0.027842,-0.053549,-0.011966,-0.013237,-0.0055707,0.074446,-0.024342,-0.046076,-0.0017848,-0.022777,0.052057,-0.077573,-0.06117,-0.010844,0.010999,-0.0026868,-0.072099
"Bin.4.38",0.018572,-0.013483,0.0047376,0.044491,-0.027709,0.048385,0.021706,-0.0090876,0.049351,-0.017012,0.024616,0.091192,-0.0039206,0.034241,-0.017425,0.11781,0.029718,0.02252,-0.060788,0.093618,-0.077415,0.043686,-0.03943,-0.072616,-0.18564,0.09118,-0.14635,0.14883,-0.033169,0.001545,0.091927,0.14227,-0.035401,0.040708,-0.1819,0.083239,0.0099458,-0.007675,-0.17086,0.12234,-0.032927,-0.026858,0.083661,0.058104,-0.068124,0.025549,-0.057758,0.083487,0.033953,0.085355
"Bin.4.34",0.010128,0.018582,-0.056968,-0.044093,-0.045956,0.10444,-0.03032,0.0068423,-0.029936,0.02291,0.01807,0.091547,-0.0085151,-0.047655,0.00058665,-0.011162,0.043664,0.010453,-0.093315,0.045039,0.044513,-0.085311,-0.084781,-0.010786,-0.16966,0.086719,-0.079807,0.041239,-0.014448,0.022133,0.17803,0.052098,-0.17527,-0.0071182,-0.02118,-0.073939,0.099197,0.12355,-0.096253,0.11575,-0.013896,-0.095774,-0.044831,0.049566,0.044515,-0.070717,0.023657,-0.0045903,0.040304,0.035596
"Bin.4.30",-0.0033041,0.016709,-0.063286,-0.080705,-0.015469,0.048775,-0.015296,0.05546,-0.054726,-0.027607,0.0030217,0.097843,0.007603,-0.02606,-0.014734,-0.099009,0.014573,-0.029784,0.0071274,-0.041607,0.014894,-0.037075,-0.081506,0.021203,-0.039115,0.098594,-0.080412,0.015948,0.13761,-0.082667,0.047472,0.0026973,-0.0079767,0.013473,-0.051898,-0.048046,0.05615,-0.02824,0.041239,0.052966,3.0604e-05,-0.054137,0.016891,-0.026854,-0.017345,0.020597,-0.059943,0.040325,-0.019952,0.009273
"Bin.4.26",-0.017709,0.026664,-0.054764,-0.04972,-0.011531,0.046412,-0.024675,-0.008414,-0.043281,0.0070392,-0.025631,0.072016,0.0083118,-0.027458,0.0011913,-0.031174,0.0024653,-0.024478,-0.044568,-0.034823,0.017057,-0.0041934,-0.0012335,-0.0099664,-0.043677,0.08332,-0.095183,0.028695,0.15587,-0.093514,0.048463,-0.0013683,0.035081,-0.002945,-0.048381,-0.057114,0.10945,-0.029927,0.057724,0.031421,0.1057,-0.081052,0.10057,-0.014764,-0.042194,-0.0016927,-0.028081,0.039566,-0.041621,-0.026004
"Bin.4.22",0.0010658,0.019859,-0.046925,-0.03133,-0.040396,0.074561,-0.043852,-0.027368,-0.033359,0.081037,-0.012178,0.0072756,0.02382,0.038064,-0.0069442,-0.0076984,-0.012358,-0.016962,-0.097373,-0.0064487,0.0482,-0.087148,0.014875,-0.052605,-0.032154,0.077776,-0.10348,-0.003656,0.082318,-0.07994,0.10096,0.013509,-0.019866,0.032841,-0.0074101,-0.028916,0.0048863,0.0059572,0.078349,0.012623,0.051969,0.063256,0.0197,-0.045632,-0.0064877,0.079313,0.021605,-0.0070449,0.040773,-0.057584
"Bin.4.18",-0.0051365,0.0091876,-0.029806,-0.02426,0.02043,0.0063009,-0.0030467,-0.035943,-0.10008,0.012046,-0.027576,0.021346,-0.021098,-0.012579,-0.077776,-0.0012395,0.0010128,-0.015376,-0.073249,0.034623,0.0056393,-0.077453,-0.00099774,-0.031364,0.0012377,0.065099,-0.040847,-0.0024925,0.039756,-0.053389,0.098063,0.023777,-0.057975,0.0747,0.049325,-0.14098,-0.0049898,-0.026069,0.038857,0.057943,-0.020649,0.028563,0.011352,-0.010766,0.038673,-0.034235,0.015169,0.030746,0.028564,-0.045711
"Bin.4.14",-0.0024124,0.015364,-0.04811,-0.054454,-0.011751,0.022813,0.020362,0.0030254,-0.047099,-0.034528,-0.064959,0.069721,-0.0013373,-0.079099,-0.0077888,-0.040712,0.0055949,-0.0035142,-0.013113,-0.025339,0.036133,-0.040295,0.019212,-0.014802,-0.043229,0.017426,-0.02067,0.019876,0.0085123,-0.026801,0.034817,-0.066282,-0.0077609,0.051251,-0.019154,-0.081011,0.071575,-0.10394,0.071951,-0.03069,-0.018934,-0.023186,0.030618,0.027992,0.034507,-0.048896,-0.054661,0.0053256,-0.011739,-0.092423
"Bin.4.10",0.013056,0.010035,-0.062699,-0.082422,-0.028672,0.029145,0.009471,0.06914,-0.021458,-0.036425,-0.019833,0.098549,0.012035,-0.046014,-0.009487,-0.095812,0.040451,-0.0065732,0.038856,-0.039316,0.044742,-0.058034,-0.093774,0.05846,-0.074569,0.042276,-0.024521,0.0036833,0.02224,-0.024775,-0.0099977,-0.00039461,0.06003,-0.0086447,-0.020283,-0.075652,0.041832,-0.040716,0.098955,-0.070592,-0.036716,0.0067858,0.073669,-0.0049691,-0.054979,0.06778,0.019104,0.049049,-0.072581,0.011823
"Bin.4.06",0.0069602,-0.026919,0.02552,-0.019421,0.011857,-0.017318,0.019628,0.061062,0.048665,-0.009022,0.055982,0.024075,0.048012,0.075152,0.047386,-0.031753,0.045493,-0.11155,-0.0042588,-0.021994,0.082306,-0.041955,-0.012726,-0.05376,-0.0004817,0.012395,-0.0035322,-0.033737,-0.014182,-0.052144,0.032542,-0.02895,-0.058505,0.039959,-0.021005,0.010272,-0.014787,0.091664,-0.024911,0.038959,0.0018457,0.033515,-0.044194,-0.04286,-0.029421,-0.043956,-0.029513,0.018552,0.0071856,-0.0035259
"Bin.4.02",0.01195,-0.0095201,-0.031987,-0.045368,-0.019938,-0.011079,-0.016015,0.078623,0.024231,0.0051976,0.032987,0.046673,0.0076259,0.04399,-0.049242,-0.034689,0.031556,-0.013898,-0.052783,-0.013938,-0.049954,0.004577,-0.033602,0.079409,0.031251,-0.026611,0.077581,0.0060448,-0.0391,-0.008836,-0.11981,0.015402,0.050637,-0.016395,-0.037726,0.062466,-0.016613,-0.031687,0.1248,-0.012285,0.047329,0.10641,0.13033,0.043838,-0.029132,-0.010638,0.050803,-0.073808,0.029249,0.019105
"Bin.4.04",0.0083908,-0.026089,0.017271,-0.023532,0.0066847,-0.018472,0.015373,0.065587,0.049245,-0.0073647,0.053971,0.027123,0.045407,0.074989,0.034561,-0.032599,0.045468,-0.10015,-0.012441,-0.022985,0.064836,-0.031616,-0.014619,-0.037126,0.0081716,0.0024606,0.013476,-0.024806,-0.024013,-0.046108,0.0067776,-0.023724,-0.037706,0.032585,-0.025042,0.023955,-0.020252,0.074958,0.0067593,0.029736,0.018476,0.044053,-0.019116,-0.028355,-0.033361,-0.031372,-0.021847,0.0069733,0.011188,0.00015992
"Bin.3.98",0.011576,-0.037552,0.064375,0.027547,0.021324,0.040623,-0.076621,0.053795,-0.012454,-0.01341,0.1261,0.027258,-0.039226,0.0062979,-0.012818,-0.01908,-0.014441,0.06603,0.012485,-0.047132,-0.00053373,-0.0066297,-0.030089,-0.0078662,0.0017603,-0.0515,0.03679,0.01285,0.05768,0.0086533,0.0069625,-0.026126,0.0093248,-0.081675,-0.052796,-0.075684,0.048865,-0.060294,0.021885,0.036006,-0.033839,-0.026476,0.0055906,-0.086339,0.02057,-0.055616,0.015251,-0.076274,0.014244,0.011636
"Bin.3.94",0.0097059,-0.0073008,-0.0012354,0.023773,-0.0033157,0.0062848,-0.0039784,-0.0078491,-0.014324,0.039617,-0.040696,-0.014359,-0.13816,0.012914,-0.078032,0.073878,-0.020214,0.0046329,0.013262,0.0005606,-0.021755,0.04093,0.036249,0.06724,0.036537,0.084965,-0.11048,-0.080553,0.033125,-0.031562,-0.043644,0.0074687,0.17225,0.019117,-0.06249,-0.041265,0.025824,0.024814,-0.088985,-0.083609,-0.075436,-0.058533,-0.07446,-0.080135,0.025529,-0.11148,0.014688,-0.0045511,0.16838,0.023357
"Bin.3.90",0.0075119,0.024591,-0.039466,0.00022199,-0.024696,0.042672,-0.039604,-0.01832,-0.05819,0.029329,-0.069247,-0.039097,-0.035962,-0.073426,-0.024593,0.032747,-0.013669,0.060027,-0.031983,0.025254,-0.013772,0.016527,0.058353,-0.0085291,-0.031722,0.049547,-0.061163,-0.069161,0.052905,-0.028299,-0.043568,-0.069507,0.095952,0.0076223,0.0056902,0.021952,0.0092347,-0.048317,-0.0070761,0.032751,-0.015017,0.071543,-0.003042,-0.024874,-0.012881,-0.0027604,0.12601,-0.019555,0.02114,-0.016997
"Bin.3.86",0.009889,0.025038,-0.030561,-0.014106,-0.033364,0.038247,-0.0084327,-0.020621,-0.036347,0.038055,-0.057031,-0.02625,-0.0043374,-0.081089,-0.020341,0.01915,-0.042694,0.035965,-0.07068,0.021619,-0.00013029,-0.03579,0.034257,0.027477,-0.049914,0.041004,-0.031681,-0.044018,0.016502,-0.039353,-0.035757,-0.047264,0.075041,-0.011354,-0.038046,0.030459,0.026448,-0.032531,-0.017273,-0.016032,-0.022877,0.10337,0.035281,-0.042773,0.11111,-0.043455,0.082555,-0.030266,-0.059535,0.039907
"Bin.3.82",0.013229,0.00933,-0.012621,-0.0078159,-0.039639,0.086978,-0.015019,-0.0074109,-0.034974,0.044212,-0.054832,-0.034635,0.011893,-0.074043,0.0082009,0.0010344,-0.042142,0.029566,-0.054549,0.014515,0.043932,-0.055811,0.024398,-0.0035787,-0.026424,0.028639,0.0066371,-0.054263,-0.012122,-0.063402,-0.039459,-0.019617,0.022754,-0.0026018,-0.013238,0.014336,-0.067814,-0.04921,0.040563,-0.066294,-0.014814,0.17909,0.070753,0.016528,0.06908,0.052528,0.060137,0.058775,-0.054937,0.0096876
"Bin.3.78",0.0079076,0.0087237,-0.024596,-0.012136,-0.020016,0.013389,0.020745,0.011974,-0.061503,0.018214,-0.045112,-0.016112,0.048129,-0.039833,-0.025706,0.027319,0.023217,0.058119,-0.044245,0.08324,0.029234,-0.024077,0.1037,0.088883,-0.028453,0.02089,0.014102,-0.030103,0.036869,-0.060404,-0.037957,-0.10663,-0.0088775,-0.02624,0.035966,-0.065012,0.0093932,-0.077999,-0.058815,0.032389,-0.04542,0.06653,0.030009,-0.1223,0.01656,-0.0062556,-0.063793,-0.066792,-0.060763,-0.069001
"Bin.3.74",-0.0015202,0.031145,-0.041939,-0.016578,-0.0087379,0.006625,0.018957,-0.052933,-0.045777,0.013337,-0.079915,0.014214,0.010723,-0.11644,-0.049825,0.014649,-0.025846,0.056837,0.026531,0.0060926,0.01603,-0.016514,0.09979,0.074358,-0.031486,-0.08289,-0.010103,-0.020974,0.0082904,-0.017826,-0.0051131,-0.074199,-0.034177,-0.12178,0.0052694,-0.01612,0.026154,-0.060301,-0.12525,-0.1196,-0.07706,0.046162,0.084343,0.0084111,-0.030444,0.03473,0.011853,-0.077708,-0.025338,-0.032092
"Bin.3.70",0.0052588,0.021594,-0.03135,-0.019924,-0.017659,0.055651,-0.02131,-0.083899,-0.067911,0.0078256,-0.072981,-0.018941,-0.0074779,-0.071948,-0.050897,-0.0082521,0.00243,-0.004528,-0.021969,0.0046576,0.032309,-0.0044027,0.044267,0.030955,-0.013061,-0.023142,0.030405,-0.04304,-0.099593,-0.021193,-0.039984,-0.089017,-0.056346,0.022718,0.051681,0.027104,0.013623,-0.078265,0.070567,-0.036734,-0.039591,0.060678,0.11858,0.013123,0.048533,-0.017803,0.14808,0.012082,0.098102,0.061351
"Bin.3.66",-0.00037809,-0.0024383,-0.01466,-0.019009,-0.0058009,0.00675,-0.019063,-0.033003,-0.056016,0.047976,-0.020687,0.01022,-0.021935,0.050669,-0.055629,-0.0083184,0.048044,-0.047515,-0.020011,0.027153,0.049429,-0.045459,0.012249,0.025698,0.018494,-0.020944,-0.03989,-0.14878,-0.039636,-0.0068428,-0.012791,-0.15381,-0.09995,0.10103,-0.036613,-0.023036,0.058306,-0.085089,0.044302,0.025489,-0.025974,-0.0047336,-0.020309,-0.024956,0.060322,-0.011056,0.15251,-0.0061953,-0.031706,0.0087472
"Bin.3.62",-0.00090573,-3.178e-05,-0.014783,-0.019145,-0.034695,0.041798,-0.049393,-0.02424,-0.072574,0.053888,-0.03305,-0.023462,-0.052847,0.026135,-0.047287,-0.0057119,0.015764,0.0068908,0.021729,0.018276,-0.0007835,0.0057725,0.035502,0.017222,0.0083117,0.030556,-0.046107,-0.12187,-0.0070212,-0.034189,-0.047791,-0.22629,-0.092342,0.11378,-0.038851,0.063445,0.071104,-0.0030342,0.077244,0.049047,0.031481,-0.037116,0.018561,-0.039668,0.065382,0.083214,0.18861,0.028855,-0.014735,0.028037
"Bin.3.58",0.01141,-0.0064899,0.012856,0.015482,-0.039198,0.021662,0.016931,0.036567,0.0078231,0.034349,0.0024135,0.029265,-0.066266,0.015768,0.017405,0.045833,-0.06303,0.07086,0.004883,-6.7495e-05,-0.019523,-0.035555,0.079923,0.093089,-0.13384,0.080727,0.069404,-0.04964,0.0047068,-0.048008,-0.019814,0.038433,0.01573,0.11143,-0.01247,0.20183,0.1131,0.15732,-0.030247,0.036207,-0.087644,-0.11649,0.010182,-0.13318,0.0038722,0.046977,-0.073469,-0.050486,-0.094805,0.037119
"Bin.3.54",0.0023986,0.027389,-0.024247,0.0013778,-0.041269,0.06602,-0.013476,-0.069471,-0.074731,0.021632,-0.071892,-0.027566,-0.043149,-0.094196,-0.0055886,0.020368,0.0028373,0.091641,0.014925,-0.028441,0.012646,-0.048283,0.081495,0.0414,-0.033323,-0.043505,0.036669,-0.042821,-0.022439,-0.069824,0.046207,-0.027485,-0.041469,0.056947,-0.1,0.057629,0.15948,0.094821,0.066836,0.01296,0.044312,-0.071149,0.038132,-0.016813,0.0020601,-0.096357,0.00075321,0.11214,-0.028094,0.019232
"Bin.3.50",0.01015,0.041787,-0.02577,0.0027318,-0.022878,0.049511,-0.013997,-0.069093,-0.096554,0.00016353,-0.087366,-0.0091843,-0.053677,-0.1264,-0.015155,0.029275,-0.013412,0.08753,-0.0079609,-0.012076,-0.047867,-0.042163,0.072626,0.079364,0.0010391,-0.053717,0.020092,0.014901,0.038522,-0.01402,0.010573,0.031061,0.094972,-0.10844,-0.12817,0.010179,0.073613,0.038306,-0.028856,0.002821,0.028918,0.0066112,-0.0030264,-0.038668,0.088652,-0.059541,-0.018231,0.060821,-0.023503,0.055437
"Bin.3.46",0.014249,0.034079,-0.022819,0.010678,-0.0095587,0.017275,0.022363,-0.072217,-0.11474,-0.018079,-0.094278,0.040884,-0.021071,-0.13478,-0.0065396,0.00434,-0.044587,0.090812,-0.019262,-0.0097237,-0.058047,-0.033004,0.068667,0.077047,0.028,-0.012675,0.041809,0.027418,0.024796,0.030377,0.00062463,0.053472,0.10226,0.05834,-0.064271,-0.019475,0.023188,-0.031671,-0.07214,0.0048766,0.068135,0.077656,-0.13793,-0.007616,0.061278,-0.037305,-0.00095267,-0.10973,-0.08085,0.064143
"Bin.3.42",0.014206,0.032314,-0.025157,0.030846,0.016162,-0.030465,0.064252,-0.068935,-0.10587,-0.06561,-0.085152,0.049422,-0.0113,-0.10565,-0.0066459,0.040283,-0.05631,0.10764,-0.0019991,0.031085,-0.077129,-0.0068058,0.053697,0.07763,0.11428,-0.075668,0.045909,-0.012674,0.058871,0.104,-0.011839,0.10316,0.051809,0.051644,-0.074514,0.061683,0.055812,0.016802,-0.11524,0.071279,0.21281,-0.10633,-0.11531,-0.028091,0.058035,0.046731,0.1736,0.039688,-0.091656,0.049299
"Bin.3.38",0.010562,0.02464,-0.047627,-0.00056257,-0.03116,0.030096,0.0074889,-0.023992,-0.077489,-0.044363,-0.052248,-0.011059,-0.041723,-0.053841,-0.010091,-0.044466,-0.025846,0.042003,-0.050185,-0.014371,-0.051905,0.0046734,0.026871,0.11456,0.011456,-0.044834,0.051414,0.051626,-0.029291,-0.051718,0.041366,0.072821,-0.0069183,-0.0081129,-0.13127,-0.091852,0.0028717,0.075477,-0.024241,0.020823,0.085289,-0.11226,0.011262,0.1833,-0.06285,-0.046281,-0.047097,0.073966,0.16161,0.043084
"Bin.3.34",0.0093247,-0.014319,-0.0019691,7.3555e-05,-0.010169,-0.023319,0.022224,0.037637,-0.012591,-0.0062149,0.050999,0.036444,-0.10162,-0.032069,0.0010346,-0.038429,0.019774,0.054207,0.041189,-0.055919,0.065088,-0.033606,0.027011,0.086333,0.033736,-0.076696,0.016947,-0.022327,-0.10067,-0.053935,0.028513,0.010467,-0.0072489,-0.051712,-0.082834,-0.064562,0.067053,-0.05173,-0.18068,0.027638,-0.048477,-0.061035,-0.15407,0.035152,-0.14617,0.050508,0.0558,0.072007,0.010892,0.04928
"Bin.3.30",-0.0086533,-0.0055852,0.0032974,-0.0086673,-0.0096249,-0.014784,0.028733,0.025729,0.022735,0.0071214,0.072622,0.015776,-0.018977,-0.058251,0.04989,-0.022903,0.011803,0.12226,0.07332,-0.026799,0.11807,-0.13186,0.021438,0.10103,-0.068977,-0.022087,-0.039762,-0.0049468,-0.09937,-0.043483,-0.056447,0.0049937,-0.033958,-0.10546,-0.016249,0.030366,0.12435,-0.067016,-0.11284,0.052492,0.028178,-0.17626,-0.087748,0.10948,-0.097791,0.044239,-0.050616,-0.07137,-0.084514,-0.029785
"Bin.3.26",-0.0042783,0.004796,0.017797,0.022013,0.043865,-0.028457,0.043966,-0.060657,-0.062438,-0.013293,0.018584,-0.0022795,0.031235,-0.055421,-0.02064,0.017903,-0.18787,-0.011636,0.05526,-0.00097571,-0.031407,-0.034631,0.066895,0.053511,0.13579,-0.13831,0.050532,-0.023762,0.052926,0.024682,-0.18142,0.104,-0.091125,0.24027,0.019702,-0.072054,0.13322,-0.016037,-0.04295,0.033042,-0.15335,-0.21094,-0.1612,-0.015712,-0.052611,0.070416,-0.00634,0.17083,-0.12632,-0.071179
"Bin.3.22",0.01647,0.032741,-0.025208,0.027107,0.018126,-0.017966,0.043006,-0.11408,-0.011612,-0.0055433,-0.020374,0.044888,0.0040091,0.019698,-0.012887,-0.048307,0.0070966,0.10447,-0.017306,-0.12513,-0.05242,0.039549,0.049043,-0.044877,0.051372,-0.12183,0.020614,-0.083928,0.040669,0.07783,0.028195,0.16093,-0.18862,0.15962,0.030145,0.083325,0.027635,0.21309,-0.024583,0.048779,-0.086625,-0.089791,0.18344,0.085685,-0.0018494,0.11188,0.076296,-0.19223,0.054795,0.022348
"Bin.3.18",0.021439,-0.007996,0.013754,0.034255,0.0033543,-0.032854,0.06152,-0.036698,0.016494,-0.013168,-0.0082293,0.051636,0.0023247,0.020254,0.057492,-0.081779,0.037554,0.02639,-0.032552,-0.046185,-0.013735,-0.020126,0.0080395,-0.065922,-0.01148,-0.058679,0.051917,-0.038884,0.029916,0.036004,0.0010989,0.087024,-0.079374,0.098803,-0.080859,0.072685,0.030419,0.053942,0.020733,0.10086,-0.067608,-0.0082036,0.12119,0.075781,0.0048433,0.037487,-0.1221,-0.083808,-0.026128,-0.028365
"Bin.3.14",0.011269,-0.013759,0.031545,0.018553,0.0087802,-0.059023,0.066902,0.027875,0.053321,0.01312,0.048903,0.054067,-0.044866,0.023184,0.034449,0.027354,-0.0043652,-0.015213,3.287e-05,-0.0056626,0.032773,-0.072127,0.014268,-0.018486,-0.045144,-0.012598,0.00062522,-0.025413,-0.0055447,0.022699,-0.040752,0.072152,0.034947,0.012054,-0.098287,-0.048119,0.063973,0.0014174,0.078249,-0.037757,-0.018102,0.0086201,0.010701,0.052372,-0.036696,0.10047,-0.036346,0.13481,-0.069736,-0.057646
"Bin.3.10",-0.00092063,0.015504,-0.017534,-0.034678,-0.03603,-0.028819,0.049598,-0.049844,0.058785,0.0019707,0.022156,-0.027673,-0.039725,0.048948,0.031679,-0.033019,0.030227,0.095048,0.070525,0.0073464,0.13404,-0.10421,-0.015898,0.066583,-0.069104,-0.071988,-0.097556,0.010119,-0.13635,-0.029006,-0.13206,-0.032946,-0.10903,-0.19439,-0.12349,0.048935,0.18127,-0.048998,0.21129,0.0076104,-0.034658,-0.099435,-0.053703,0.12836,0.037917,-0.017674,0.0025218,0.0324,-0.001364,-0.031309
"Bin.3.06",0.0019681,-0.024941,0.029884,-0.023903,0.019038,-0.041349,0.022336,0.076132,0.075837,-0.0051734,0.061904,0.035802,0.039081,0.084813,0.039421,-0.023488,0.037667,-0.13247,-0.006929,-0.026655,0.081499,-0.056209,-0.020709,-0.017782,-0.0045259,0.023165,-0.0030877,-0.02702,0.018366,-0.062315,0.040244,-0.016475,-0.044247,0.015407,-0.0096658,0.0063899,-0.017721,0.059462,-0.060902,-0.0050743,-0.018645,0.003894,-0.066811,-0.039384,0.013414,-0.047531,0.0022154,-0.071002,-0.12549,0.025278
"Bin.3.02",0.0094971,-0.024352,0.00027158,0.027094,0.0014817,-0.0075617,-0.01373,-0.020975,0.038541,-0.023945,0.012194,-0.038361,0.020669,0.1637,-0.022392,0.043319,0.12905,0.035564,0.017706,0.094906,-0.10329,0.19546,-0.0057755,-0.11019,0.16585,0.024221,-0.060692,-0.030567,-0.0023239,0.050344,-0.12405,0.007532,0.031315,-0.054269,0.18918,0.1375,0.16135,-0.06319,0.061911,0.00037747,-0.017821,0.0094238,-0.023076,0.14071,-0.014074,-0.017724,-0.09037,0.088242,0.049014,-0.049792
"Bin.3.04",0.0028668,-0.028402,0.027023,-0.013469,0.016385,-0.041047,0.020218,0.062106,0.075941,-0.0061959,0.057298,0.025466,0.038212,0.10674,0.028613,-0.012841,0.055807,-0.11404,-0.0040007,-0.0061606,0.056628,-0.014435,-0.023612,-0.037212,0.031423,0.027581,-0.019493,-0.025029,0.018205,-0.0482,-0.00047401,-0.017163,-0.019647,0.0039878,0.027794,0.033175,0.0041784,0.035243,-0.034386,0.00013844,-0.005445,-0.020013,-0.082182,-0.01185,0.006378,-0.046787,-0.047431,-0.045284,-0.099928,0.025697
"Bin.2.98",0.0066811,0.041982,-0.02632,0.00059782,-0.022626,-0.070315,-0.04576,-0.0021503,0.11605,0.044427,0.031209,-0.012455,-0.00052365,0.056873,-0.008951,0.085366,-0.067586,-0.047483,0.01462,-0.056192,-0.063861,0.13532,0.00016677,0.01302,0.046779,-0.054584,0.035687,-0.0085965,-0.018586,-0.0049484,-0.044278,0.038354,-0.030066,-0.10921,-0.019958,0.11229,-0.098874,-0.10925,0.055082,-0.045009,0.12039,-0.060128,0.098149,0.081023,0.11601,0.073258,0.065232,-0.012821,-0.028178,0.087298
"Bin.2.94",0.012258,0.02817,-0.00093983,0.023094,-0.014255,-0.015853,-0.012047,0.014817,0.07255,0.05079,0.037814,-0.015848,-0.012586,0.04525,0.11453,0.016706,-0.09424,-0.051523,-0.011254,-0.015253,0.026278,0.014803,-0.056385,0.064953,-0.080512,-0.081822,0.048335,0.024906,0.17968,-0.03392,-0.056605,0.035592,-0.091439,-0.042008,0.063328,0.032719,0.040682,-0.15138,-0.0014974,0.11507,0.0052079,-0.11548,0.016492,0.0495,-0.013202,-0.10527,-0.071666,-0.00287,-0.058247,0.015933
"Bin.2.90",0.011774,-0.0044547,-0.010453,0.026919,0.020013,-0.032108,-0.00318,-0.031036,0.042319,0.048481,-0.05095,0.032955,-0.036365,0.070079,0.14293,-0.0094457,0.1096,-0.053202,0.0077677,-0.011979,0.026928,-0.050251,-0.062646,-0.034237,0.029796,-0.0072496,-0.080406,-0.10692,0.14855,0.0024633,0.12177,0.037743,-0.019922,-0.12837,-0.074692,-0.052843,0.091289,0.055784,-0.047846,0.0044552,0.015758,0.054271,0.036207,-0.043291,-0.017236,-0.059624,0.081331,-0.057465,-0.008845,0.056336
"Bin.2.86",0.0081658,0.028221,-0.0097652,0.016089,-0.00037672,-0.0018826,-0.00157,-0.061206,0.036564,0.063835,-0.045663,-0.0033617,0.0032823,-0.0046578,0.12803,0.012454,0.057898,-0.040958,-0.016433,-0.032556,0.019399,-0.013433,-0.10167,-0.13211,0.015236,-0.047417,-0.068261,0.055874,0.10795,0.030702,0.11307,-0.090807,-0.084658,-0.017504,-0.015384,0.045066,0.21732,-0.15459,0.0041428,-0.11253,0.041977,8.1096e-05,-0.20897,-0.072404,0.19394,0.13188,-0.14608,0.01245,0.13249,-0.10658
"Bin.2.82",0.007945,0.011152,-0.0034794,0.02806,-0.028641,-0.028332,-0.0042913,-0.021656,0.035871,0.064604,0.0076057,-0.015176,-0.048927,-0.018072,0.052304,-0.037169,-0.040135,-0.10346,-0.024913,-0.038469,0.014018,-0.048518,-0.013524,0.086983,0.019899,-0.015252,-0.096772,0.014632,0.071913,-0.012695,0.15237,-0.041819,-0.10223,0.072499,-0.056625,0.064544,0.0058208,-0.12224,0.047751,0.085553,0.059113,-0.09998,-0.00062085,0.014443,0.12243,0.049036,0.062065,0.016624,0.068085,0.049764
"Bin.2.78",0.0039025,0.016269,-0.0081278,0.010529,-0.025477,-0.062508,-0.033222,0.0028242,0.053291,0.058814,0.011943,-0.0017508,-0.036402,-0.024989,0.02229,-0.0014716,-0.078256,-0.11224,-0.0032867,-0.029239,-0.0033448,-0.076073,0.023573,0.10968,0.034394,-0.0082525,-0.13018,-0.0093645,0.047658,-0.0046802,0.14436,-0.047247,-0.092541,-0.027393,-0.022278,-0.0057767,-0.10287,-0.11576,-0.021338,0.011366,-0.037836,-0.11355,0.018588,0.043162,0.053193,0.017283,0.058471,0.085446,0.035748,0.014708
"Bin.2.74",-0.0042659,-0.011464,0.011228,-0.016461,-0.0027996,-0.047788,0.00092299,0.075614,0.02153,0.013313,0.058386,0.024512,0.0020284,-0.0070947,-0.050165,-0.0085237,-0.10469,-0.089717,0.02166,0.017471,0.048824,-0.11846,0.0068219,0.13459,0.0084993,0.059941,-0.10806,-0.010571,-0.054118,-0.02448,-0.022249,0.05964,-0.061664,0.101,0.046923,-0.0020751,-0.0063854,-0.037047,0.097263,0.0021005,0.045514,-0.021079,-0.052705,-0.072568,-0.090328,0.019952,0.030299,-0.09772,-0.051999,-0.013655
"Bin.2.70",0.012624,-0.045745,0.050007,0.088115,0.027822,0.00069699,0.084443,0.06293,0.036606,-0.009505,0.038485,0.032974,-0.097898,0.068634,0.074624,-0.0025451,-0.018284,0.085027,-0.013884,0.047134,-0.072806,-0.064115,0.06553,0.022503,-0.09864,0.067287,0.064935,-0.12136,0.067107,0.14283,-0.018457,0.041461,0.055932,0.085245,0.16057,-0.063276,0.1139,-0.022963,0.082165,-0.01777,0.068202,0.11947,-0.03366,0.094685,-0.033573,0.11744,0.11327,0.06843,0.047714,-0.044013
"Bin.2.66",0.020778,-0.025398,0.057454,0.086744,0.0065889,-0.0070517,0.080557,0.058939,0.070813,0.0056281,0.050778,0.010312,-0.13373,0.028265,0.11908,0.056075,-0.16627,-0.020301,0.0079107,-0.051154,-0.059288,0.0079822,0.016741,0.0053003,-0.056824,0.058389,0.014536,-0.06727,0.1574,-0.00063163,0.061708,0.03019,0.015471,0.10042,-0.049024,-0.038906,-0.17847,0.0053402,0.15932,0.046072,0.056633,0.01902,0.091221,0.0065372,0.078924,0.0034202,-0.23719,0.15915,-0.11838,-0.034552
"Bin.2.62",0.013301,-0.0019663,0.020208,0.036725,-0.0015243,-0.051964,0.022146,0.063299,0.045915,0.032002,0.002261,-0.0080317,-0.11957,0.047246,0.062601,-0.0073109,-0.03312,0.073001,0.0049644,0.021136,-0.02828,-0.056381,-0.05357,0.016256,-0.065099,0.039032,0.0062465,0.049763,0.092835,0.061501,0.050216,0.087201,-0.085446,-0.042627,-0.045918,-0.016874,0.072894,-0.014745,0.08116,-0.043133,-0.028249,0.15006,-0.16491,-0.14807,0.087579,0.015574,0.11489,0.011048,0.053879,0.035691
"Bin.2.58",0.0042519,-0.02101,0.042563,0.044239,0.026105,-0.032202,0.02962,0.13839,0.026535,0.049323,0.045166,-0.021259,-0.10782,0.046866,0.070857,0.025312,-0.062716,0.054776,0.016658,0.12472,-0.029398,-0.14366,0.0069559,0.048597,-0.062099,0.09519,-0.0049898,-0.13698,0.078502,0.041569,2.5863e-05,0.20021,0.057826,0.034409,0.19649,-0.086056,0.069503,-0.13356,-0.054501,0.021752,0.084637,0.051827,-0.1165,-0.060609,0.06855,-0.032641,-0.025675,0.099153,-0.02363,0.026426
"Bin.2.54",0.016504,-0.041326,0.055967,0.087387,0.017515,-0.0020538,0.094298,0.047978,0.063411,-0.013543,0.068781,0.034496,-0.11588,0.033506,0.06564,0.030396,-0.10738,0.015286,-0.00018453,-0.01116,-0.027031,-0.074784,0.059186,0.049503,-0.14301,0.093258,0.031796,-0.10824,0.097964,0.034211,0.027573,-0.016285,0.019475,0.077603,0.055198,-0.051688,-0.025681,0.077351,0.077461,-0.0046823,0.035606,0.065206,0.050623,0.099138,-0.094407,0.066605,-0.041925,0.04311,-0.052061,-0.031058
"Bin.2.50",0.0040349,0.00084575,0.017245,0.034985,-0.022838,-0.042061,0.055416,-0.0074715,0.075704,-0.011857,0.040643,-0.0142,-0.071177,0.021751,0.070277,0.035331,-0.0061312,0.051961,-0.0083576,-0.015195,0.028957,-0.088393,-0.02902,0.047671,-0.046394,0.016005,0.0074453,-0.03072,-0.0052878,0.020851,-0.058595,-0.011851,-0.034939,-0.10618,-0.031707,-0.0045597,0.032132,0.04553,0.044025,0.024165,-0.11005,0.029948,0.056015,0.026016,-0.00086507,-0.082886,0.17061,-0.020516,-0.002646,0.0028541
"Bin.2.46",0.0126,0.0044747,0.013607,0.039162,-0.021403,-0.045107,0.057966,0.0038773,0.028865,-0.014179,-0.0036069,0.016025,-0.066999,-0.027351,0.014609,0.0073572,-0.078657,0.069477,-0.027351,-0.0055975,-0.071236,-0.018818,-0.037605,0.049979,-0.063831,0.03623,0.017022,0.010596,0.041497,0.033766,-0.02478,0.21305,-0.0104,0.031903,0.0035922,0.068368,0.0056465,0.022133,0.012912,0.0030035,-0.16885,-0.0016606,0.0018929,0.044143,0.17611,-0.00022023,0.023516,-0.089121,0.0071075,-0.020565
"Bin.2.42",0.0071987,0.0049616,-0.017569,0.034344,-0.024002,-0.027522,0.043261,-0.069687,-0.0084227,-0.030661,-0.074066,-0.0021582,-0.052979,-0.037327,0.047597,-0.018672,0.00065873,0.051075,-0.0065951,-0.01777,-0.025361,0.025518,-0.054393,-0.040166,0.022965,-0.028567,-0.019701,-0.025678,0.036695,0.078414,0.033699,0.13862,-0.038754,0.060113,0.05288,0.027884,-0.030597,-0.085642,0.021358,0.0076515,-0.090453,0.03739,0.031098,0.11011,-0.0035001,0.0072512,-0.0099053,-0.069556,-0.011001,-0.031075
"Bin.2.38",0.0012966,0.01499,-0.03388,0.020604,-0.013054,-0.039375,0.021645,-0.019036,-0.00058445,-0.017364,-0.065499,-0.0076831,-0.040654,-0.042245,0.057966,0.012957,0.036817,0.039303,-0.014733,0.01258,0.0034809,-0.014162,-0.053254,-0.012603,-0.019526,-0.029989,0.031634,0.034779,0.020728,0.056336,0.011325,-0.00040964,-0.01277,0.0088575,0.02152,-0.0069683,0.035612,-0.12163,-0.017408,-0.0010475,0.0737,0.097805,0.048188,0.0063758,-0.041236,0.0065768,-0.023577,-0.052647,-0.061415,-0.070871
"Bin.2.34",-0.0076867,-0.030353,-0.007454,0.014971,0.050077,-0.00056738,-0.015224,-0.033326,-0.036377,0.032391,0.0049142,-0.035274,-0.055387,0.066487,-0.095018,0.079202,0.011939,-0.022967,0.042767,0.10273,0.0035391,-0.085774,-0.014558,-0.036512,0.0062367,0.023772,0.035444,-0.012182,0.052883,-0.0010079,0.084964,-0.022529,0.0056867,-0.028711,-0.085023,-0.11145,0.021176,0.032592,-0.051474,-0.078888,0.049729,-0.069353,-0.084429,-0.097536,-0.031708,0.085648,0.095591,-0.025243,-0.021702,-0.0043776
"Bin.2.30",-0.0040505,0.035381,-0.050017,-0.014217,-0.0062119,-0.027419,-0.02609,-0.059889,-0.0474,-0.010117,-0.025572,-0.066049,-0.030969,-0.023773,-0.058642,0.040251,-0.035044,0.022224,0.037318,0.047419,-0.01696,-0.047171,-0.053216,0.054639,-0.037053,0.027759,0.020954,0.077774,-0.067287,0.018792,-0.029021,0.05639,-0.11176,-0.040401,0.072253,-0.063355,-0.038078,-0.10474,0.0025869,-0.0054791,-0.040626,-0.053473,-0.048954,0.0074371,-0.058054,0.053501,-0.020015,-0.016862,0.00552,-0.056884
"Bin.2.26",-0.00068391,0.023076,-0.02999,-0.018294,0.01387,-0.020231,-0.03276,-0.088154,-0.075203,0.01023,-0.029464,-0.032621,-0.016844,0.082576,-0.055216,0.028836,0.017169,-0.043732,-0.0023712,0.078833,0.004667,-0.032499,-0.079027,0.0080762,0.069393,-0.014919,0.013967,-0.034415,-0.0058563,0.022285,0.018105,0.075191,-0.099922,0.034038,0.023148,-0.088919,0.014157,-0.033778,0.012898,0.069816,-0.044855,0.025584,-0.072841,0.018165,-0.027461,-0.029566,0.04444,0.072102,-0.005433,0.0078684
"Bin.2.22",0.0017398,0.025476,-0.0544,0.0036058,-0.046356,-0.0039793,-0.014961,-0.033987,-0.010148,-0.00081404,-0.049351,-0.05993,-0.057382,-0.04211,0.021204,-0.017972,0.032443,0.033884,-0.0040841,0.029238,0.00082962,-0.0032407,-0.060066,0.032676,0.0018091,-0.033985,0.016997,0.018468,-0.13265,0.025489,-0.0067658,0.053964,-0.070026,-0.028419,-0.080616,0.029016,-0.04489,0.055123,0.086574,0.046043,-0.01245,-0.012622,0.028444,0.057231,-0.084667,-0.037409,-0.030692,0.046911,-0.01002,0.019531
"Bin.2.18",-0.0022519,0.0036694,-0.0035323,-0.0022472,-0.030273,-0.060442,-0.036676,0.043017,0.077237,0.013335,0.027314,-0.059791,-0.12762,-0.020949,0.050643,-0.032846,0.036558,0.096781,0.054841,0.032349,0.0083827,-0.0083318,-0.081273,0.012324,-0.030943,0.14933,-0.10458,0.022581,0.040764,-0.096842,-0.1079,-0.11005,-0.034226,-0.1248,-0.073601,0.068892,0.023493,0.064084,0.13375,0.049109,-0.086634,-0.010628,-0.15268,-0.040802,-0.0065362,0.042098,0.077945,-0.082674,0.13635,0.045439
"Bin.2.14",0.00080574,0.027354,-0.021421,0.004485,-0.025074,-0.040046,0.016092,-0.051684,-0.0023045,-0.015735,-0.040197,-0.042785,-0.02664,0.0085009,0.014095,-0.0038902,-0.01656,0.052057,0.023782,0.065176,-0.04182,0.00025844,-0.079193,0.036769,-0.062876,0.062189,0.010562,-0.0049896,0.065575,0.014146,-0.078829,0.028651,-0.022436,-0.10478,0.037687,0.060256,0.025466,0.050371,0.0099649,0.032082,-0.043972,-0.051205,-0.011119,0.065117,0.1044,0.10675,-0.0056706,-0.031988,-0.063805,-0.039836
"Bin.2.10",-0.0080769,0.038724,-0.032527,-0.028926,-0.0095919,-0.049505,-0.026994,-0.022063,0.016975,0.012252,-0.022816,-0.015867,0.019037,0.057478,-0.032891,0.05056,-0.0079198,-0.04339,-0.030963,0.031057,-0.024431,-0.0030339,-0.037144,-0.01577,0.0084643,0.0092627,2.2526e-05,-0.0092881,-0.013799,0.019733,0.011312,-0.0040281,-0.00043261,0.019759,0.062662,0.0045156,-0.0077941,-0.071754,-0.015081,-0.0037888,-0.019111,-0.0026706,-0.019986,-0.044897,-0.0073751,-0.019888,-0.0047753,-0.02162,-0.10332,-0.035099
"Bin.2.06",-0.0082171,0.02877,-0.022642,-0.028282,-0.027792,-0.044705,-0.017758,0.036892,0.066976,0.032778,0.0041083,0.002606,0.0054936,0.0024969,-0.007067,0.017006,-0.040373,-0.062026,-0.042248,-0.061273,0.0011073,-0.016017,0.028375,-0.0072069,-0.063523,0.015076,-0.083891,-0.0208,-0.055163,-0.028216,0.021053,0.00859,-0.019992,0.061111,-0.058612,0.0095211,-0.070852,-0.074502,0.075957,0.0064543,0.024052,0.0143,0.0031675,0.033039,0.098156,-0.0071662,0.0011708,-0.033155,-0.045657,0.029073
"Bin.2.02",-0.00078082,0.027392,-0.020584,-0.0072148,-0.021691,-0.036723,-0.013255,-0.013856,0.082985,0.03963,-0.01644,-0.01191,-0.0022577,0.027465,0.0097097,0.024631,-0.022294,-0.033742,-0.046112,-0.015208,-0.00075461,0.062056,0.0089626,-0.0074822,-0.029362,-0.091905,-0.0063521,-0.059237,-0.060984,0.034804,-0.012217,-0.0055712,-0.04627,0.030774,-0.028892,0.054528,0.042465,-0.10621,0.048887,0.011734,0.029665,-0.025958,0.074074,0.069457,0.043428,0.062309,-0.088535,-0.0042475,0.041775,0.0048168
"Bin.1.98",-0.006441,0.03724,-0.023658,-0.022661,-0.019308,-0.044192,-0.037168,-0.0035076,0.075384,0.029585,0.0034552,-0.015429,-0.018409,0.014468,0.014185,0.002325,-0.0024864,-0.037012,-0.048157,-0.039458,-0.011358,0.010139,-0.027428,0.012381,0.059938,-0.036013,-0.011858,-0.033498,-0.017265,0.002977,0.014185,-0.032519,0.0039924,0.012163,-0.0075733,-0.0084765,-0.0016394,-0.05385,-0.030094,0.032926,0.040803,-0.0019997,-0.043104,0.067043,0.039148,0.02936,-0.035031,0.034494,0.035745,0.014358
"Bin.1.94",-0.0083276,0.030735,-0.021474,-0.020862,0.0096377,-0.040421,-0.045329,-0.026752,0.0071749,0.028618,-0.014145,-0.0078105,-0.0088602,0.04592,-0.02974,0.043799,0.028259,-0.071237,-0.044581,0.017085,-0.001124,-0.057708,-0.071512,0.023165,0.057533,0.018951,-0.044429,-0.04472,0.021415,0.0089243,0.032738,0.12612,0.072726,-0.060116,-0.06404,-0.16241,-0.025308,0.078418,0.025532,0.0044118,-0.039698,0.0052893,-0.023484,-0.004109,-0.052328,0.041762,0.065626,0.00032299,-0.00057163,-0.014824
"Bin.1.90",-0.0043934,0.029689,-0.020889,-0.0024799,-0.011738,-0.030252,-0.022772,-0.058235,0.013865,0.0049511,-0.070871,-0.0083893,0.036016,0.015688,0.019789,-0.0085756,0.087392,-0.045815,-0.031435,-0.0061625,0.0015348,-0.0012754,-0.067809,-0.051022,0.081176,-0.061005,-0.020328,-0.023537,0.086412,0.022711,0.053039,0.013803,0.066375,-0.01278,-0.024865,-0.13261,0.078657,0.01499,-0.042576,-0.00027153,-0.039463,0.047001,0.023547,0.0047388,-0.0085424,0.03804,0.048798,-0.081272,-0.025075,-0.10533
"Bin.1.86",-0.014292,0.040133,-0.024152,-0.0198,-0.014545,-0.039329,-0.049223,0.008371,0.06997,0.0289,0.0044541,-0.039109,-0.019749,0.010998,0.018957,0.02841,0.0032738,-0.031546,-0.0079695,-0.023776,-0.010227,-0.012499,-0.021883,0.0039779,0.051594,0.0093914,-0.033731,0.02396,0.038201,-0.013911,0.02211,-0.051847,0.00065342,0.011019,0.006408,-0.022795,0.0078366,0.035992,-0.032092,0.055758,0.047769,-0.019318,-0.062244,0.064461,0.06343,0.072231,0.03259,-0.010749,0.016817,-0.030793
"Bin.1.82",-0.01331,0.037084,-0.027189,-0.019663,-0.0128,-0.029071,-0.029056,0.028844,0.069513,0.044805,0.0097588,-0.017427,-0.0044513,0.02431,0.02474,0.032404,-0.0068048,-0.055737,-0.030251,-0.030693,0.0098011,-0.04906,-0.028376,0.055378,0.043936,-0.031513,-0.040042,0.0079901,-0.037081,0.0032307,0.017744,0.027927,0.0085531,-0.031838,-0.093393,-0.054145,-0.017097,0.052152,0.0030059,0.074973,0.033481,0.026731,0.03455,0.021897,0.035676,-0.043227,0.051721,0.039391,-0.035093,0.025415
"Bin.1.78",-0.011296,0.046789,-0.020401,-0.026766,-0.022156,-0.026738,-0.020452,0.017061,0.071173,0.02361,0.0099339,-0.017613,0.00010127,0.022313,0.019292,0.029008,0.014039,-0.03051,-0.043077,-0.039205,0.0057801,-0.04925,-0.063062,0.030677,0.066356,-0.022264,0.011115,0.019489,-0.0065295,-0.023092,0.029025,-0.0090564,-0.012173,-0.059861,-0.049202,-0.098718,-0.012859,0.058499,0.029632,0.076049,-0.0035036,0.028878,0.058338,-0.010874,0.040416,0.016181,0.019706,0.0018091,0.040042,-0.042741
"Bin.1.74",-0.008834,0.053316,-0.026784,-0.014914,-0.022425,-0.032034,-0.027814,0.011756,0.069559,0.0031491,-0.021309,-0.04237,0.064034,-0.01362,0.0034766,0.014225,-0.032547,-0.0029956,-0.021195,-0.013047,-0.028244,-0.006081,-0.048615,0.055209,-0.0088005,-0.0047006,0.0087903,0.039731,0.045677,-0.024874,-0.036025,0.032903,0.069753,-0.046908,0.052143,-0.09777,0.05406,-0.028599,-0.00012084,0.042416,-0.055325,-0.035528,0.04093,0.0092656,0.099044,0.057232,-0.041396,-0.089717,0.040115,-0.066643
"Bin.1.70",-0.0097242,0.054379,-0.03951,-0.027424,-0.018957,-0.039338,-0.04198,0.0097948,0.075571,0.014605,-0.015684,-0.042667,0.062142,-0.0093638,0.004972,0.026006,-0.027874,-0.015091,-0.016947,-0.01682,-0.021527,0.019128,-0.050675,0.018926,0.0058623,-0.014168,0.0089232,0.0421,0.01099,-0.015974,0.010362,-0.01782,0.037802,-0.035006,4.5707e-05,-0.093582,-0.0076972,-0.031344,0.0077576,0.059619,0.0026772,-0.062118,0.033894,0.017117,0.047938,0.062416,0.0063258,-0.073697,0.038319,-0.045941
"Bin.1.66",-0.0099259,0.040866,-0.039806,-0.02803,-0.016468,-0.04069,-0.028658,-0.0024422,0.061629,0.00080878,-0.014436,-0.019243,0.0217,0.016761,0.037162,0.0073055,0.032635,0.0087135,-0.025174,-0.03057,0.0048411,0.012518,-0.074689,0.023771,0.045171,-0.054395,0.036217,0.026765,-0.0089738,-0.030401,-0.018618,-0.042399,-0.0031508,-0.04025,-0.035956,-0.049039,0.012754,0.035875,0.044961,0.11792,0.039995,0.036912,-0.01453,-0.057552,-0.030404,0.020709,-0.041262,-0.025132,-0.051594,0.050387
"Bin.1.62",-0.009317,0.042273,-0.043835,-0.016066,-0.018847,-0.039369,-0.033042,-0.0039349,0.046264,0.0093364,-0.021622,-0.043059,0.025975,-0.012937,0.027097,0.01468,-0.0016166,0.0041195,-0.025389,-0.0055154,-0.033099,0.037702,-0.075342,0.049218,0.057352,-0.039528,0.038178,0.061868,0.0068577,-0.0052374,0.025391,-0.021481,-0.0064064,-0.0056473,-0.031006,-0.068643,-0.065599,0.0095829,0.011343,0.077828,0.067958,-0.01189,-0.0017742,-0.036405,-0.030819,0.027984,-0.029825,-0.015425,0.0063156,0.0033889
"Bin.1.58",-0.006551,0.04254,-0.040694,-0.018904,-0.023676,-0.0308,-0.029275,0.021879,0.054997,0.026817,0.004764,-0.048662,0.0055495,0.014782,0.043258,0.01971,0.0045367,-0.024646,-0.048125,0.00075683,-0.018118,-0.0083237,-0.068698,0.062795,0.070345,-0.020473,0.030773,0.02619,0.010177,-0.0082901,-0.013823,0.014913,0.016416,-0.035103,-0.011742,-0.061032,-0.032982,0.034956,-0.015439,0.065145,0.073169,0.0073848,0.0039654,-0.081049,-0.052346,-0.053494,-0.027423,0.034948,-0.023355,0.00055547
"Bin.1.54",-0.0044388,0.044799,-0.022223,-0.012466,-0.045602,0.052517,-0.043083,0.0077123,0.042248,0.067596,0.0083325,-0.072217,0.045511,0.017093,0.0626,0.015311,-0.032732,0.0011458,-0.046604,-0.00054489,0.013023,-0.042265,-0.046382,0.02957,0.055062,-0.02474,0.045627,0.0078409,0.0083563,-0.0075622,-0.017225,0.06092,0.043607,-0.053327,0.0076063,-0.041866,-0.017494,0.014924,0.011668,-0.010198,0.0028784,0.030498,-0.0052519,-0.020727,0.053525,-0.0015681,-0.054554,0.019185,0.0051562,0.0081515
"Bin.1.50",-0.012094,0.051202,-0.030846,-0.003792,-0.02022,-0.012364,0.010456,-0.017957,0.03042,0.00014492,-0.024842,0.0016002,0.042069,-0.064833,0.012566,0.049502,-0.012945,0.033075,-0.035324,-0.011327,-0.059565,-0.024961,-0.039505,0.031599,0.0029105,0.022428,0.042247,-0.029104,0.070381,0.0052334,-0.024951,0.082367,0.08955,-0.089728,0.094914,-0.06276,0.053354,-0.0052078,-0.096338,-0.019368,0.0099656,0.024667,0.074069,-0.073331,0.027892,-0.0044203,0.018679,-0.012839,-0.029687,-0.036479
"Bin.1.46",-0.010793,0.048031,-0.031768,0.0074428,-0.017744,-0.0015778,-0.0021778,-0.059487,-0.0051305,-0.014183,-0.056778,-0.0094175,0.015529,-0.07253,-0.0028538,0.028564,0.011307,0.037734,-0.0079877,-0.019149,-0.019373,0.0029372,-0.031824,-0.0041963,0.015819,-0.024677,0.081535,-0.014807,-0.0085383,0.005731,-0.07764,0.011388,0.031823,-0.03793,-0.011349,-0.085314,0.0094709,-0.048125,0.0034947,0.015786,-0.020364,-0.017769,0.141,-0.063272,-0.069681,0.057245,0.0096944,0.068846,-0.023073,-0.021931
"Bin.1.42",-0.01514,0.054006,-0.041846,-0.0064991,-0.01916,-0.023815,-0.02843,-0.02382,0.022942,0.0054625,-0.041911,-0.040434,0.018939,-0.056089,-0.0068964,0.047148,-0.011688,0.01179,-0.0039195,-0.014337,-0.02398,0.021221,-0.047578,0.013654,0.028985,0.013245,-0.0058541,0.032937,-0.023702,0.021071,0.0049264,0.036063,0.0046064,-0.032782,-0.047429,-0.080287,-0.071422,-0.010938,0.045177,0.0090352,0.029168,0.0049655,0.073774,-0.037254,-0.025909,0.073715,0.057932,0.041075,0.0039307,-0.0015719
"Bin.1.38",-0.010829,0.035898,-0.035207,-0.01223,-0.011759,-0.027715,-0.026176,-0.009861,0.059908,0.040142,-0.038164,-0.0059974,0.013306,0.0018332,0.078267,-0.021724,0.048756,-0.015864,-0.0094712,-0.024009,0.044666,-0.024512,-0.050221,-0.022866,0.053576,-0.04967,-0.05684,-0.02941,0.024263,0.017556,0.046995,-0.030746,0.066204,-0.021072,-0.043868,-0.058643,-0.01544,-0.074845,-0.0018241,-0.019804,-0.030835,-0.022549,0.049507,0.010536,-0.069267,-0.065455,0.022503,-0.090027,-0.20095,-0.028818
"Bin.1.34",0.009173,0.018542,-0.046804,0.023498,-0.036738,0.045902,0.013439,-0.086591,-0.036159,0.029901,-0.10957,0.0016553,-0.018108,-0.057501,0.07726,0.0048065,0.054149,0.04595,-0.0026165,-0.020607,-0.016117,0.041159,-0.0071515,-0.036332,-0.0069331,-0.039089,0.023652,-0.030833,0.012622,0.024103,0.019561,0.025919,0.028806,-0.03118,-0.026693,-0.021712,0.087576,0.0035243,0.051805,-0.0285,0.034206,-0.020015,0.02165,0.010809,-0.0937,-0.10756,-0.074941,-0.032237,0.074284,-0.021778
"Bin.1.30",0.012387,0.0085343,-0.046125,0.025215,-0.040875,-0.0035373,0.0066944,-0.019161,0.0048261,0.027889,-0.058172,-0.03636,-0.05523,-0.005442,0.094631,-0.011734,0.14893,0.035659,-0.051503,0.016122,0.0025147,0.0096734,-0.030727,-0.024039,-0.029467,-0.043324,0.0017847,-0.08806,0.0090773,0.033552,-0.027351,-0.023931,0.078032,-0.033383,0.010263,-0.007373,0.06135,-0.019242,0.074968,-0.022833,-0.018532,0.12965,0.01853,-0.057377,-0.052494,-0.15646,-0.019312,0.065096,-0.021742,-0.025322
"Bin.1.26",0.0075248,0.011073,-0.012147,0.017191,-0.018825,-0.057059,0.024237,0.076404,0.048017,0.0013305,0.02439,-0.034669,-0.066263,-0.043095,0.016062,0.05595,0.002882,0.036651,-0.055711,0.064183,0.017849,-0.084999,-0.051847,0.066049,-0.064994,0.0056906,0.061081,-0.01715,-0.05277,0.043712,-0.037371,0.035955,0.075802,-0.015337,0.030671,-0.013189,-0.065011,0.048043,0.084573,-0.011777,-0.015292,0.055465,-0.0053535,0.083218,0.034849,-0.01431,0.072162,0.053681,0.093911,-0.042692
"Bin.1.22",-0.002374,0.011506,-0.02743,0.011401,-0.023091,-0.022398,0.036971,0.020668,0.0076659,-0.00023365,-0.038227,-0.048851,-0.097846,-0.14695,0.014336,0.021488,-0.013198,0.025382,-0.02507,0.087869,-0.013376,-0.0481,-0.083999,0.042961,-0.038016,-0.056472,0.13478,0.079084,-0.096069,0.060505,0.036778,0.058821,-0.089623,-0.039429,-0.0022628,-0.025062,-0.081635,0.060535,0.17232,-0.021941,-0.029673,0.11135,-0.09816,-0.036238,0.012859,-0.059384,-0.02745,-0.016909,-0.047661,0.012438
"Bin.1.18",-0.0048623,0.021056,-0.046236,0.014373,-0.021853,-0.010093,0.032774,-0.058437,-0.03242,-0.0078535,-0.12874,-0.03772,-0.053811,-0.077454,0.062508,-0.013777,0.092803,0.035669,0.033783,0.025572,0.011595,0.010058,-0.054905,-0.056207,-0.041806,-0.087462,0.042044,0.075333,-0.030666,0.12615,0.065461,0.032476,-0.038138,-0.033846,-0.03819,-0.043563,-0.025518,-0.021467,0.18715,0.0040889,-0.030195,0.10848,-0.093843,-0.040451,-0.056441,0.10724,0.07326,0.010141,-0.026246,-0.011559
"Bin.1.14",-0.019674,0.022364,-0.040679,0.014602,-0.0086589,-0.0080514,0.010884,-0.077976,0.0021845,-0.0084402,-0.095734,0.01855,-0.04022,-0.011872,0.10369,-0.051517,0.17788,0.028262,-0.010846,-0.022317,0.066677,0.043682,-0.033471,-0.031256,0.020659,-0.13842,0.029208,-0.10219,0.026272,0.13487,0.014981,-0.040429,0.029812,-0.069992,0.058624,0.059563,0.11008,-0.0046824,-0.063516,0.044491,0.020289,0.14426,-0.073649,-0.0093671,-0.07893,-0.097181,-0.098677,0.16226,-0.14314,0.042736
"Bin.1.10",-0.014036,0.036048,-0.0090912,-0.00041105,0.011136,-0.05266,0.020849,0.02845,0.060758,0.025422,0.053811,0.0034381,-0.05806,0.02318,-0.0023198,0.03634,-0.025616,-0.023659,-0.053228,-0.02066,-0.0045768,-0.02375,0.0032052,0.034319,-0.049298,0.025047,0.022107,-0.076677,0.0098126,0.084152,0.020521,0.033051,-0.042555,-0.067835,0.05153,-0.020547,-0.067745,-0.031418,-0.042243,-0.021676,0.074801,0.02303,-0.026891,0.0946,0.09871,-0.27696,0.12424,0.056263,0.04181,0.068691
"Bin.1.06",-0.015404,0.054557,-0.033815,0.00072616,-0.0089591,-0.053523,0.010578,-0.025874,0.062978,-0.02081,-0.015203,-0.040847,0.020333,-0.022096,0.024931,0.010762,-0.038105,0.035368,-0.0041784,-0.022891,-0.02637,-0.014629,-0.02481,-0.019392,0.021965,0.024546,0.042694,-0.012785,0.10016,0.051813,0.078979,0.061377,0.06797,-0.066565,0.012006,-0.053856,-0.063226,-0.018003,-0.022813,-0.035073,0.011891,0.034609,-0.08536,0.030168,0.084193,-0.0015651,0.02503,-0.0076022,-0.034592,0.002579
"Bin.1.02",-0.020975,0.070414,-0.060059,-0.032599,-0.020405,-0.0494,-0.052968,-0.0018206,0.041536,-0.0041408,-0.019686,-0.073648,0.026662,-0.038497,-0.02028,0.048947,-0.046305,0.033409,0.0019382,-0.018995,-0.039949,0.039621,-0.03847,0.0043624,-0.023506,0.053624,0.014692,0.032638,0.045851,0.027014,0.0005539,0.068332,0.068357,-0.10911,0.068344,-0.026187,-0.021273,-0.020043,0.028082,-0.037484,-0.041905,-0.095576,-0.12016,0.028678,0.029144,0.0015475,0.013655,0.04644,-0.046977,-0.029107
"Bin.0.98",-0.01633,0.070072,-0.070716,-0.041423,-0.02593,-0.053553,-0.033356,-0.0068515,0.056712,-0.0095496,-0.038455,-0.0634,0.043107,-0.067883,-0.01411,0.052038,-0.077584,0.017473,0.012886,-0.0061454,-0.019861,0.04087,-0.043047,0.0085518,-0.047937,0.032684,0.016582,0.028175,0.0062621,0.031762,-0.0090382,0.02583,0.02178,-0.058616,0.07602,-0.032624,-0.0635,0.0054536,0.022939,-0.05041,0.012556,-0.11014,-0.022986,0.022158,-0.0069205,0.11321,-0.014947,-0.026223,-0.017219,-0.015834
"Bin.0.94",-0.01667,0.06374,-0.070696,-0.047747,-0.018297,-0.059613,-0.041588,-0.024248,0.067321,0.020778,-0.049862,-0.040707,0.045142,-0.029792,-0.006863,0.0576,-0.032218,-0.0056383,-0.0037091,-0.0050342,0.007546,0.04139,-0.023129,-0.010939,-0.031154,-0.00094865,0.0058718,-0.0015779,-0.018019,0.022748,-0.00044132,-0.018746,0.0006897,-0.027239,0.0037728,-0.033452,-0.036413,0.010202,0.07373,0.011,0.06296,-0.10188,-0.022065,0.0041185,-0.060081,0.14663,0.010003,-0.060754,-0.058948,-0.030783
"Bin.0.90",-0.009143,0.051699,-0.062368,-0.024235,-0.012988,-0.068787,-0.02855,-0.0073238,0.080628,0.018066,-0.0371,-0.031799,0.033144,-0.016677,0.016967,0.041464,-0.012145,0.0037083,-0.0059646,0.014621,0.0093831,0.011354,-0.039685,0.016173,0.0045507,0.014422,0.051567,0.010182,-0.017082,0.043548,-0.043054,-0.032345,0.049533,-0.0049731,0.045561,0.0038623,-0.010703,0.010618,0.084429,0.075586,0.068105,-0.079556,-0.064263,-0.045565,-0.093923,0.11661,-0.058025,0.011261,-0.011631,-0.016896
"Bin.0.86",-0.0107,0.05892,-0.072687,-0.034791,-0.020734,-0.070574,-0.031695,-0.0031883,0.073133,0.030688,-0.033847,-0.031672,0.013126,0.0036205,0.020189,0.069665,0.022485,0.012894,-0.034022,0.019762,0.01483,0.034694,-0.025023,0.0018318,0.0061422,0.0015463,0.035474,-0.047721,-0.027516,0.051391,-0.030649,-0.0068621,0.033659,-0.014874,0.034526,0.039648,-0.002047,0.070249,0.080336,0.058403,0.056785,-0.045076,-0.06395,-0.097263,-0.071444,0.074229,-0.0072534,0.066313,-0.026194,-0.007641
"Bin.0.82",-0.023946,0.084487,-0.078971,-0.048522,-0.027612,-0.069485,-0.081342,-0.016121,0.072701,0.01971,-0.025995,-0.049773,0.064939,0.010883,-0.0016011,0.055213,-0.01354,-0.0065049,-0.019164,-0.0083989,-0.0053321,0.028396,-0.027561,-0.0047361,0.042352,-0.024786,0.01177,-0.01148,0.0032993,0.037265,0.060918,0.01476,-0.0035531,0.017179,0.044475,0.030077,0.0058958,-0.041294,0.00047959,0.024885,-0.021599,-0.077885,-0.0439,-0.026533,-0.013053,0.03058,0.082783,0.047912,0.0060427,0.047064
"Bin.0.78",-0.03605,0.08673,-0.062297,-0.053345,-0.015104,-0.062499,-0.085789,0.014368,0.069711,0.015547,-0.020525,-0.049454,0.056482,0.010053,-0.0039412,0.03962,-0.037595,-0.0013225,0.0039921,-0.033137,-0.0092371,-0.0054024,-0.037396,0.047532,0.027246,0.025517,0.0059396,0.02751,-0.012621,0.033302,0.021689,0.031303,-0.0025643,-0.0069989,0.047759,0.010653,-0.012033,-0.055634,-0.012011,0.039011,-0.086233,-0.030125,-0.012976,-0.08704,0.024023,-0.042065,0.041729,0.065209,-0.023166,-0.0067022
"Bin.0.74",-0.15543,0.050075,0.09854,-0.025262,0.081267,0.021116,-0.011161,0.01015,-0.01144,-0.038419,-0.076437,0.0013951,0.055517,-0.016592,0.045668,0.026618,-0.0012706,-0.050269,0.024233,-0.028107,0.058291,-0.0086064,-0.0087837,0.055769,0.037913,0.058695,0.022687,0.013451,-0.010804,-0.014474,-0.0047982,0.02824,0.032088,-0.051992,-0.028691,0.026088,0.0034808,-0.042723,-0.04252,0.084835,-0.04987,0.040644,0.054506,-0.076397,0.042189,-0.026216,0.032362,0.063888,-0.057098,0.0097445
"Bin.0.70",-0.16354,0.067884,0.078895,-0.039728,0.066984,0.016841,-0.0080647,0.0046726,-0.01739,-0.026644,-0.058465,-0.014524,0.029972,-0.0056694,0.037914,0.063051,-0.042723,-0.04143,0.02455,-0.0026268,0.033215,-0.011797,0.017165,0.037984,0.031751,0.046556,-0.024048,-0.011908,-0.04423,-0.0098356,-0.010791,0.050143,-0.05178,-0.087487,0.0086627,0.019097,-0.015819,-0.0072566,0.013405,0.024273,-0.032361,0.069814,-0.019739,0.011768,0.03262,0.006765,0.098731,0.0009143,-0.081558,0.028333
"Bin.0.66",-0.16277,0.072812,0.082533,-0.038314,0.062474,0.015646,-0.007161,0.0059604,-0.0091898,-0.029759,-0.067701,-0.020227,0.040833,-0.014527,0.032961,0.051573,-0.036976,-0.084561,0.033315,-0.023739,0.031586,0.043993,0.019656,0.039116,0.062697,0.043628,-0.010508,0.011187,-0.016358,-0.053584,-0.013384,0.048536,-0.0082621,-0.075152,-0.0026069,-0.01376,-0.0078961,-0.058476,-0.044155,0.094018,-0.10476,0.084998,0.007444,-0.076899,0.011542,0.0012357,0.062188,0.039191,-0.15254,0.10824
"Bin.0.62",-0.16938,0.094746,0.028657,0.021054,0.0012687,0.0072512,-0.15326,-0.047469,-0.030171,-0.027052,0.12124,0.080892,0.14478,-0.1145,0.10882,0.012634,0.013049,-0.027042,-0.03866,0.10836,-0.092617,-0.062733,-0.01424,0.031692,-0.048679,-0.050825,-0.021999,0.014714,0.082647,-0.045315,-0.086256,0.016431,-0.061725,0.035472,-0.038149,-0.018492,-0.027567,0.050068,0.074918,-0.16119,-0.039452,0.05112,-0.066358,0.037994,-0.099941,-0.051745,-0.023242,-0.0068593,-0.034765,0.023107
"Bin.0.58",-0.16724,0.090195,0.028868,0.042969,0.014221,0.01427,-0.1242,-0.07764,-0.052163,-0.06656,0.096246,0.078107,0.16282,-0.16112,0.098987,0.017233,-0.014241,0.0079511,-0.050185,0.10548,-0.054912,-0.038862,-0.010241,-0.00092582,-0.06824,-0.089134,0.047267,0.087753,0.15997,0.0049842,-0.066983,-0.068911,-0.057166,0.094973,0.023406,0.041643,-0.15513,0.0075763,-0.0078369,-0.080706,-0.1191,-0.0066378,-0.066754,0.017923,0.010173,-0.047535,-0.01638,-0.006072,0.064648,-0.062589
"Bin.0.54",-0.16857,0.081915,0.035736,0.043328,0.019197,0.002724,-0.099953,-0.068706,-0.038384,-0.063698,0.097355,0.076842,0.14508,-0.10096,0.13225,0.010349,0.040159,-0.023042,-0.074466,0.093254,-0.053489,-0.032952,-0.0078085,-0.016091,-0.044829,-0.08438,0.01796,0.028652,0.18043,0.020743,-0.048226,-0.090953,-0.070638,0.083137,-0.045324,0.002491,-0.02887,0.0037066,0.0084703,-0.14169,-0.077767,0.011487,-0.024778,0.030642,-0.077187,-0.070268,-0.0020048,0.0084499,-0.0048765,-0.047425
"Bin.0.50",-0.15615,0.14275,0.0033856,0.024418,-0.078933,0.011514,-0.26137,-0.046978,0.085269,0.10994,0.21806,0.080617,0.0011814,-0.11859,-0.28322,0.041835,-0.14945,-0.075994,0.18666,0.023733,-0.17014,0.057675,0.14375,0.063688,-0.010461,0.1358,-0.093389,-0.045297,-0.18735,0.18719,0.095798,0.057248,-0.2347,-0.1097,0.062146,-0.088096,0.21653,0.14479,0.095853,-0.062103,0.046204,0.12044,0.089907,-0.10409,0.013834,-0.10044,-0.12789,0.070445,-0.021135,0.022369
"Bin.0.46",-0.15584,0.13209,-0.049593,0.11221,-0.076798,-0.20168,-0.10942,-0.055925,-0.0012814,-0.15777,0.012545,0.20496,-0.10412,-0.11443,-0.15751,0.11135,0.094782,0.048721,0.094535,-0.24244,0.2646,-0.063348,0.037414,0.046012,-0.12253,-0.0057784,-0.25576,-0.16069,0.11613,0.18325,0.031841,-0.01931,0.15723,-0.027374,0.050618,0.20452,-0.089838,0.040367,-0.035353,0.015671,-0.10446,0.036618,0.015361,-0.05222,0.07725,0.15685,-0.11158,0.028902,0.018913,-0.099693
"Bin.0.42",-0.12694,0.16163,0.070693,0.041161,-0.18076,-0.035019,0.036609,0.21543,-0.063186,-0.088478,-0.02029,-0.24354,-0.073126,-0.012097,-0.18269,0.15647,-0.26239,0.070807,-0.16746,0.15934,0.33663,0.0050243,-0.25081,-0.089256,0.099906,0.005907,0.28506,-0.093197,0.12311,-0.092482,0.070528,-0.082779,-0.097962,-0.016894,-0.080126,0.1127,0.13192,0.026026,-0.10308,-0.11835,0.016727,-0.054403,0.16973,0.0041127,-0.035165,-0.038952,-0.10248,0.061583,0.10511,0.024393
"Bin.0.38",-0.13901,0.082621,0.070363,0.007098,-0.048841,0.14209,0.093586,0.18096,0.041235,-0.18721,-0.040106,-0.15078,-0.12178,-0.0045155,-0.14213,-0.085632,0.063053,-0.076068,-0.19514,0.2232,-0.11092,-0.0087097,0.21967,-0.17249,0.0014892,-0.242,-0.18945,-0.00021177,0.17012,-0.0018412,0.093691,0.10566,-0.03873,-0.098135,-0.011713,0.15732,-0.091628,0.035696,0.21017,0.1404,-0.034908,-0.021552,0.0078829,-0.14111,-0.034978,-0.01492,0.0093594,0.0015494,-0.068132,0.050385
"Bin.0.34",-0.14438,0.13509,0.027225,0.10951,-0.2119,0.025523,-0.012802,0.06279,-0.046929,-0.0099024,0.0014281,0.024579,-0.078636,-0.0042675,0.19107,0.015626,0.19302,0.076052,0.075926,0.05416,-0.35413,-0.32133,-0.038988,0.049455,0.23598,-0.0060259,0.10214,-0.2657,-0.22142,-0.15281,0.24212,-0.092253,0.060107,0.0085944,0.16951,0.076054,-0.0099362,-0.0050581,0.026675,0.06363,-0.050106,-0.080781,0.082765,0.083401,0.03502,0.072931,-0.042056,-0.087219,0.028417,0.014653
"Bin.0.30",-0.1353,0.17621,0.03971,0.14079,-0.31567,-0.00048523,0.014712,0.13971,-0.10623,-0.061998,0.13336,-0.063082,0.060811,0.087077,-0.041916,0.035054,-0.17355,-0.13705,0.016397,-0.1129,-0.1338,0.15469,0.05629,0.03608,-0.11519,-0.10834,-0.10986,0.075034,0.0071042,-0.2319,-0.042713,-0.072487,0.23756,0.098528,-0.012503,-0.10147,0.14128,0.045478,-0.059181,0.16247,0.060537,0.18394,-0.14988,0.22282,-0.050792,0.061782,0.14842,-0.081547,-0.065166,-0.09465
"Bin.0.26",-0.1373,0.18528,-0.025711,0.15865,-0.33999,0.012534,0.094741,-0.022302,0.025427,0.11975,-0.003554,0.078381,-0.044655,0.047057,0.079729,-0.16143,0.17324,0.056661,0.17259,-0.057693,0.11065,0.12508,0.090849,-0.23832,0.174,0.24825,-0.016797,0.16993,0.011866,-0.1036,-0.23313,0.18252,-0.045091,0.11971,-0.0083827,-0.064961,0.0088145,-0.15134,0.015255,-0.048149,0.0020213,-0.061124,0.14479,-0.17648,0.10131,-0.029254,0.012381,0.071799,-0.090097,0.099714
"Bin.0.22",-0.15415,0.1507,-0.089551,0.16286,-0.29248,0.070359,0.11831,-0.029715,-0.12458,0.047785,0.012683,-0.025268,-0.16086,0.26381,0.04639,-0.080653,0.042597,0.01302,0.065792,0.02155,0.072224,0.019714,0.040261,0.0080905,-0.082388,-0.063529,0.031144,-0.01122,0.06892,0.26316,-0.036935,-0.058287,-0.17484,-0.077654,-0.13014,-0.17715,-0.17447,0.049901,-0.11939,-0.098483,0.0047859,-0.014499,-0.14432,0.089504,-0.083532,-0.027194,-0.023299,-0.1339,0.035115,0.04432
